X,TD_mean,TD_std,TD+NOV_mean,TD+NOV_std,TD+UNC_mean,TD+UNC_std,FULL_mean,FULL_std,MULT_mean,MULT_std,GATE_mean,GATE_std
1,0.0,0.0,0.0,0.0,0.3486151695251465,0.05143941193819046,0.3485766053199768,0.05142262205481529,0.3588894307613373,0.04469265043735504,0.34861743450164795,0.05144131928682327
2,0.0,0.0,0.0,0.0,0.36001935601234436,0.037700071930885315,0.36001056432724,0.037682000547647476,0.36079731583595276,0.0269088763743639,0.3600319027900696,0.037660956382751465
3,0.0,0.0,0.0,0.0,0.32899412512779236,0.06483883410692215,0.328330934047699,0.06468354165554047,0.31901606917381287,0.07395395636558533,0.32912713289260864,0.06487184017896652
4,0.0,0.0,0.0,0.0,0.3141130208969116,0.053008951246738434,0.3171241879463196,0.04933873564004898,0.3042660355567932,0.052079617977142334,0.3150489330291748,0.051840659230947495
5,0.0,0.0,0.0,0.0,0.31041842699050903,0.05515993759036064,0.2977566421031952,0.06904730945825577,0.28200244903564453,0.04787720367312431,0.3126146197319031,0.057304926216602325
6,0.0,0.0,0.0,0.0,0.3021283447742462,0.07011540234088898,0.3044201135635376,0.07507579773664474,0.2907281517982483,0.06442275643348694,0.28687402606010437,0.09209420531988144
7,0.0,0.0,0.0,0.0,0.2924046516418457,0.0497041679918766,0.2491416037082672,0.08075939863920212,0.26032325625419617,0.06182269752025604,0.2635354995727539,0.0676209032535553
8,0.0,0.0,0.0,0.0,0.27472037076950073,0.05683884397149086,0.2654164433479309,0.04454972967505455,0.2640926241874695,0.0812179371714592,0.27050724625587463,0.057568348944187164
9,0.0,0.0,0.0,0.0,0.2948073744773865,0.06911763548851013,0.24247923493385315,0.05912753939628601,0.2485872060060501,0.057640593498945236,0.2864784300327301,0.06975498050451279
10,0.0,0.0,0.0,0.0,0.2373546063899994,0.05903790518641472,0.2563055455684662,0.047057248651981354,0.26319465041160583,0.07100886851549149,0.28022563457489014,0.06087484583258629
11,0.0,0.0,0.0,0.0,0.2749185860157013,0.06482470780611038,0.2684920132160187,0.06564875692129135,0.29724082350730896,0.050262223929166794,0.31198906898498535,0.061604276299476624
12,0.0,0.0,0.0,0.0,0.27383604645729065,0.05227030813694,0.293365478515625,0.04386088624596596,0.27216407656669617,0.04645271226763725,0.26970458030700684,0.08090288192033768
13,0.0,0.0,0.0,0.0,0.29991698265075684,0.05528398975729942,0.26737791299819946,0.0567435547709465,0.2963867485523224,0.05835462734103203,0.2962060272693634,0.052447088062763214
14,0.0,0.0,0.0,0.0,0.28542274236679077,0.042006414383649826,0.2973342835903168,0.05823620408773422,0.2908390462398529,0.06587719172239304,0.2929235100746155,0.057739242911338806
15,0.0,0.0,0.0,0.0,0.28609994053840637,0.055782198905944824,0.2934057414531708,0.049197107553482056,0.2758387327194214,0.06536206603050232,0.30465203523635864,0.051409151405096054
16,0.0,0.0,0.0,0.0,0.2913656532764435,0.05670185759663582,0.2650746703147888,0.0493730753660202,0.3084099292755127,0.05889225751161575,0.2967187166213989,0.06049314886331558
17,0.0,0.0,0.0,0.0,0.2970466613769531,0.0649004802107811,0.28444409370422363,0.05020134150981903,0.29779985547065735,0.052873071283102036,0.28251513838768005,0.06286666542291641
18,0.0,0.0,0.0,0.0,0.3102596402168274,0.04199479892849922,0.28590327501296997,0.058302149176597595,0.28298401832580566,0.057129114866256714,0.27632761001586914,0.09336229413747787
19,0.0,0.0,0.0,0.0,0.30166512727737427,0.06152099370956421,0.29237717390060425,0.07880695909261703,0.29847851395606995,0.06252969801425934,0.3040331304073334,0.07096751034259796
20,0.0,0.0,0.0,0.0,0.2779977023601532,0.04872220382094383,0.2860783636569977,0.05164168030023575,0.3029487729072571,0.05704420804977417,0.30777111649513245,0.05792993679642677
21,0.0,0.0,0.0,0.0,0.31889885663986206,0.03857072815299034,0.3096369206905365,0.0580667145550251,0.30150702595710754,0.057591307908296585,0.31519877910614014,0.063782699406147
22,0.0,0.0,0.0,0.0,0.31841886043548584,0.05587342754006386,0.3119053542613983,0.06350339949131012,0.29143959283828735,0.062335267663002014,0.31459081172943115,0.048372820019721985
23,0.0,0.0,0.0,0.0,0.3190740942955017,0.05765794962644577,0.30866631865501404,0.07453982532024384,0.3043254017829895,0.060215968638658524,0.2901829183101654,0.046913646161556244
24,0.0,0.0,0.0,0.0,0.3135468363761902,0.056238699704408646,0.30874112248420715,0.049797043204307556,0.29427987337112427,0.04308665171265602,0.295146644115448,0.04701083153486252
25,0.0,0.0,0.0,0.0,0.29556944966316223,0.06723181903362274,0.29244834184646606,0.08124851435422897,0.2852877378463745,0.04416564851999283,0.30952075123786926,0.06693163514137268
26,0.0,0.0,0.0,0.0,0.29197508096694946,0.0547153577208519,0.31332752108573914,0.041731853038072586,0.30891868472099304,0.04215063899755478,0.29905611276626587,0.0506444051861763
27,0.0,0.0,0.0,0.0,0.27496975660324097,0.044770289212465286,0.335906445980072,0.035199347883462906,0.28701117634773254,0.07089155912399292,0.2987668514251709,0.07309155911207199
28,0.0,0.0,0.0,0.0,0.2983764410018921,0.05820342153310776,0.333292156457901,0.05812135338783264,0.30873504281044006,0.049287471920251846,0.33045631647109985,0.057360030710697174
29,0.0,0.0,0.0,0.0,0.29838642477989197,0.06570934504270554,0.32216283679008484,0.06910448521375656,0.2974437177181244,0.0638749748468399,0.32234880328178406,0.03830379620194435
30,0.0,0.0,0.0,0.0,0.285160094499588,0.08404886722564697,0.3133464455604553,0.052501123398542404,0.26262983679771423,0.059892140328884125,0.3078587055206299,0.0775374174118042
31,0.0,0.0,0.0,0.0,0.3066369891166687,0.04596159607172012,0.27366751432418823,0.05958045274019241,0.2719924747943878,0.053649261593818665,0.3244471251964569,0.06201016530394554
32,0.0,0.0,0.0,0.0,0.2995026707649231,0.06475775688886642,0.30369871854782104,0.06016666069626808,0.26312804222106934,0.08237873017787933,0.31624990701675415,0.044655513018369675
33,0.0,0.0,0.0,0.0,0.3065547049045563,0.05695853382349014,0.31739598512649536,0.04827692359685898,0.2743817865848541,0.06767076253890991,0.3059026002883911,0.05877869203686714
34,0.0,0.0,0.0,0.0,0.31840866804122925,0.04937765374779701,0.3196234107017517,0.03485419973731041,0.31440895795822144,0.05098280310630798,0.29398760199546814,0.04866378381848335
35,0.0,0.0,0.0,0.0,0.30401405692100525,0.04629061371088028,0.3201570212841034,0.06606695801019669,0.26454660296440125,0.056982047855854034,0.2909083366394043,0.05759856849908829
36,0.0,0.0,0.0,0.0,0.3082215189933777,0.0656556561589241,0.32485726475715637,0.05071781948208809,0.272804319858551,0.053366079926490784,0.2973943054676056,0.052827171981334686
37,0.0,0.0,0.0,0.0,0.31925028562545776,0.0362531952559948,0.30950215458869934,0.08334212005138397,0.30074119567871094,0.07269119471311569,0.31692275404930115,0.05761364474892616
38,0.0,0.0,0.0,0.0,0.31726816296577454,0.04788609966635704,0.30669966340065,0.0659012719988823,0.2694649398326874,0.06822547316551208,0.30718034505844116,0.048200298100709915
39,0.0,0.0,0.0,0.0,0.3166118562221527,0.060306090861558914,0.33147329092025757,0.04550471901893616,0.30151376128196716,0.03992517292499542,0.29607707262039185,0.06429994851350784
40,0.0,0.0,0.0,0.0,0.33512014150619507,0.046979259699583054,0.3096572756767273,0.06317627429962158,0.28288915753364563,0.060988426208496094,0.3038102090358734,0.04286237061023712
41,0.0,0.0,0.0,0.0,0.3078964948654175,0.061557572335004807,0.325264036655426,0.0793975219130516,0.28399279713630676,0.08205679804086685,0.3072732090950012,0.034147486090660095
42,0.0,0.0,0.0,0.0,0.31689852476119995,0.04094797745347023,0.30470243096351624,0.04870135337114334,0.29512813687324524,0.05895876884460449,0.3046519458293915,0.03836781904101372
43,0.0,0.0,0.0,0.0,0.32474833726882935,0.03150011971592903,0.31242668628692627,0.049425363540649414,0.2771012783050537,0.051458440721035004,0.31732481718063354,0.06270366162061691
44,0.0,0.0,0.0,0.0,0.345377653837204,0.027492748573422432,0.2715165615081787,0.049364157021045685,0.2963177561759949,0.04407986253499985,0.32158705592155457,0.03887271136045456
45,0.0,0.0,0.0,0.0,0.31584733724594116,0.03940091282129288,0.31262683868408203,0.04160771891474724,0.3097875416278839,0.0671958178281784,0.29270756244659424,0.06717874109745026
46,0.0,0.0,0.0,0.0,0.32309144735336304,0.06174744665622711,0.2974540591239929,0.03862150385975838,0.3101801574230194,0.04829878360033035,0.29284366965293884,0.03607131913304329
47,0.0,0.0,0.0,0.0,0.3290342390537262,0.06328234076499939,0.29628393054008484,0.05887569487094879,0.30871886014938354,0.05276426300406456,0.31334632635116577,0.06485515832901001
48,0.0,0.0,0.0,0.0,0.31786060333251953,0.047929298132658005,0.27790889143943787,0.08286621421575546,0.3072475790977478,0.03840726986527443,0.3156054615974426,0.07376867532730103
49,0.0,0.0,0.0,0.0,0.3221498131752014,0.06943665444850922,0.2971739172935486,0.07385828346014023,0.2971314787864685,0.06329954415559769,0.31388089060783386,0.04565156251192093
50,0.0,0.0,0.0,0.0,0.3217921257019043,0.037630315870046616,0.3005305230617523,0.07029439508914948,0.2713380753993988,0.06257465481758118,0.29518118500709534,0.05832166597247124
51,0.0,0.0,0.0,0.0,0.3250637948513031,0.05308089405298233,0.31013351678848267,0.04918811097741127,0.28068071603775024,0.0770757719874382,0.3175443410873413,0.03478490561246872
52,0.0,0.0,0.0,0.0,0.32606226205825806,0.03802352026104927,0.3239409327507019,0.04755137488245964,0.2850136160850525,0.04855463653802872,0.30696678161621094,0.06921524554491043
53,0.0,0.0,0.0,0.0,0.31675228476524353,0.04139186814427376,0.2981528639793396,0.07605157792568207,0.32804635167121887,0.02713143080472946,0.30123817920684814,0.04399385303258896
54,0.0,0.0,0.0,0.0,0.3215998411178589,0.056159745901823044,0.3193279802799225,0.056237440556287766,0.29075202345848083,0.05498439818620682,0.31485897302627563,0.042382437735795975
55,0.0,0.0,0.0,0.0,0.3092283010482788,0.08004520833492279,0.26531702280044556,0.0757894366979599,0.2729370594024658,0.0654374286532402,0.28709906339645386,0.04686963930726051
56,0.0,0.0,0.0,0.0,0.3096946179866791,0.07467969506978989,0.3199686110019684,0.042792584747076035,0.2874254584312439,0.07594199478626251,0.29136979579925537,0.06225484982132912
57,0.0,0.0,0.0,0.0,0.33997514843940735,0.05986769497394562,0.2833011746406555,0.0644419863820076,0.281636118888855,0.0726701021194458,0.2913426458835602,0.06808757781982422
58,0.0,0.0,0.0,0.0,0.31374865770339966,0.060070764273405075,0.29216262698173523,0.06663573533296585,0.25956088304519653,0.07449676841497421,0.24370142817497253,0.07829900085926056
59,0.0,0.0,0.0,0.0,0.30569806694984436,0.08130355924367905,0.32566770911216736,0.03544376790523529,0.30622708797454834,0.060134876519441605,0.299991637468338,0.06291206181049347
60,0.0,0.0,0.0,0.0,0.30251121520996094,0.08102421462535858,0.32103610038757324,0.06027628481388092,0.2733552157878876,0.07216807454824448,0.3100878596305847,0.04590582475066185
61,0.0,0.0,0.0,0.0,0.3155783414840698,0.053460609167814255,0.32092028856277466,0.06014249473810196,0.296811044216156,0.07594650238752365,0.28140220046043396,0.06350258737802505
62,0.0,0.0,0.0,0.0,0.3158809542655945,0.059012897312641144,0.3107151389122009,0.05079226940870285,0.32552269101142883,0.06296317279338837,0.2728871703147888,0.07372284680604935
63,0.0,0.0,0.0,0.0,0.33071470260620117,0.06117108836770058,0.2952266335487366,0.05108192563056946,0.30720001459121704,0.08145127445459366,0.2738165855407715,0.06026878580451012
64,0.0,0.0,0.0,0.0,0.3305862843990326,0.04243043065071106,0.2850533723831177,0.0625067874789238,0.30510443449020386,0.0692828819155693,0.29301005601882935,0.05227874591946602
65,0.0,0.0,0.0,0.0,0.3230847716331482,0.05412939190864563,0.28985169529914856,0.07064169645309448,0.27590930461883545,0.09171659499406815,0.2921132743358612,0.05336585268378258
66,0.0,0.0,0.0,0.0,0.3183150887489319,0.06704109162092209,0.2722106873989105,0.08627673983573914,0.3092380464076996,0.054047901183366776,0.29205721616744995,0.05418792739510536
67,0.0,0.0,0.0,0.0,0.3245919346809387,0.03811269626021385,0.29921048879623413,0.07505439966917038,0.3174280524253845,0.048738524317741394,0.2598036527633667,0.06897199153900146
68,0.0,0.0,0.0,0.0,0.30470210313796997,0.07989341765642166,0.2942628264427185,0.054926853626966476,0.29896193742752075,0.07062799483537674,0.27406585216522217,0.04086729884147644
69,0.0,0.0,0.0,0.0,0.3190489411354065,0.05038713291287422,0.2906283438205719,0.049468766897916794,0.29428479075431824,0.0592368021607399,0.28262558579444885,0.07232715934515
70,0.0,0.0,0.0,0.0,0.3243718445301056,0.08050180971622467,0.25314050912857056,0.06693578511476517,0.26349976658821106,0.06989788264036179,0.3194917142391205,0.04205155372619629
71,0.0,0.0,0.0,0.0,0.30485254526138306,0.053181279450654984,0.3219301402568817,0.0567658506333828,0.3028220534324646,0.07408609241247177,0.29359593987464905,0.058647964149713516
72,0.0,0.0,0.0,0.0,0.31265220046043396,0.0729006975889206,0.32766181230545044,0.04874807596206665,0.3014604449272156,0.07172996550798416,0.28848040103912354,0.0609368234872818
73,0.0,0.0,0.0,0.0,0.31140556931495667,0.08079389482736588,0.3052745461463928,0.06580711901187897,0.2874298095703125,0.07892719656229019,0.3087082505226135,0.08352275937795639
74,0.0,0.0,0.0,0.0,0.33001214265823364,0.056325193494558334,0.3285454511642456,0.056573428213596344,0.3242689073085785,0.05339615046977997,0.2874073386192322,0.08108904212713242
75,0.0,0.0,0.0,0.0,0.30836883187294006,0.06943181157112122,0.3205333352088928,0.05195417255163193,0.3102598190307617,0.05970055237412453,0.2961145043373108,0.07076191902160645
76,0.0,0.0,0.0,0.0,0.32650476694107056,0.06755208969116211,0.3261469006538391,0.045981310307979584,0.3188076615333557,0.06407012045383453,0.2744799554347992,0.06421918421983719
77,0.0,0.0,0.0,0.0,0.3219020664691925,0.04719502851366997,0.31160783767700195,0.059077244251966476,0.2916995882987976,0.07180704176425934,0.27476319670677185,0.0906028226017952
78,0.0,0.0,0.0,0.0,0.3025166690349579,0.07354480773210526,0.32551974058151245,0.055069997906684875,0.2964138388633728,0.07857614755630493,0.25666531920433044,0.06173429638147354
79,0.0,0.0,0.0,0.0,0.3176661729812622,0.06956236809492111,0.3343425393104553,0.038708239793777466,0.2921270728111267,0.07221321016550064,0.30217114090919495,0.05397164076566696
80,0.0,0.0,0.0,0.0,0.2801293432712555,0.06544245779514313,0.2829395830631256,0.06771703064441681,0.27811771631240845,0.08780794590711594,0.27934837341308594,0.08005166798830032
81,0.0,0.0,0.0,0.0,0.32722654938697815,0.05041051283478737,0.2878355085849762,0.07698584347963333,0.28712430596351624,0.08026760816574097,0.2856523394584656,0.07845091819763184
82,0.0,0.0,0.0,0.0,0.327621191740036,0.038337577134370804,0.29699045419692993,0.039621103554964066,0.31142768263816833,0.06378339231014252,0.2931695580482483,0.08729755133390427
83,0.0,0.0,0.0,0.0,0.3345721364021301,0.05163527652621269,0.2659444212913513,0.07974370568990707,0.2992148995399475,0.07710076123476028,0.30972328782081604,0.06543950736522675
84,0.0,0.0,0.0,0.0,0.2862187922000885,0.08277733623981476,0.30826401710510254,0.05889718234539032,0.3184320330619812,0.08820746093988419,0.28395676612854004,0.0722387284040451
85,0.0,0.0,0.0,0.0,0.31052422523498535,0.07504426687955856,0.33119481801986694,0.04955356940627098,0.29066890478134155,0.07135555148124695,0.3024749159812927,0.054495248943567276
86,0.0,0.0,0.0,0.0,0.30015262961387634,0.06755181401968002,0.315662682056427,0.08465221524238586,0.31367093324661255,0.07536128908395767,0.3142258822917938,0.07421176135540009
87,0.0,0.0,0.0,0.0,0.30495408177375793,0.05700625851750374,0.3136901259422302,0.07269665598869324,0.24329738318920135,0.08862100541591644,0.27630215883255005,0.08379016071557999
88,0.0,0.0,0.0,0.0,0.30660173296928406,0.05857591703534126,0.3418869972229004,0.037694621831178665,0.28032296895980835,0.10591612011194229,0.3190275728702545,0.07356292754411697
89,0.0,0.0,0.0,0.0,0.2930595278739929,0.07305826246738434,0.2716399133205414,0.08297526091337204,0.2494528591632843,0.0613444522023201,0.2935106158256531,0.06806909292936325
90,0.0,0.0,0.0,0.0,0.311123251914978,0.053702957928180695,0.32884523272514343,0.05673329532146454,0.3098744750022888,0.07803118228912354,0.2856873571872711,0.059724271297454834
91,0.0,0.0,0.0,0.0,0.3190622925758362,0.063411645591259,0.3574255108833313,0.028506973758339882,0.271140456199646,0.0923159196972847,0.2944839596748352,0.07552500814199448
92,0.0,0.0,0.0,0.0,0.2877727746963501,0.06811202317476273,0.32258662581443787,0.04976619407534599,0.21983389556407928,0.0701666921377182,0.2891254425048828,0.08350282162427902
93,0.0,0.0,0.0,0.0,0.3121839463710785,0.0715363472700119,0.30798962712287903,0.05009516701102257,0.2777145504951477,0.09482944011688232,0.27060189843177795,0.06401275843381882
94,0.0,0.0,0.0,0.0,0.31487226486206055,0.060823556035757065,0.2995428740978241,0.0568169504404068,0.3159438371658325,0.0806359201669693,0.2946542203426361,0.05530766397714615
95,0.0,0.0,0.0,0.0,0.2993691563606262,0.06614305824041367,0.28845447301864624,0.05333661288022995,0.2542867958545685,0.05395130068063736,0.31070011854171753,0.06082867085933685
96,0.0,0.0,0.0,0.0,0.3064036965370178,0.06434240937232971,0.3036494851112366,0.06533043831586838,0.30816611647605896,0.08598737418651581,0.34160342812538147,0.037806253880262375
97,0.0,0.0,0.0,0.0,0.27513423562049866,0.0798371210694313,0.33035022020339966,0.054717712104320526,0.2671416401863098,0.08612146228551865,0.31197768449783325,0.06130653992295265
98,0.0,0.0,0.0,0.0,0.30604666471481323,0.07756037265062332,0.3201431632041931,0.0475526824593544,0.258389949798584,0.08313445001840591,0.3252468407154083,0.0482763908803463
99,0.0,0.0,0.0,0.0,0.2881779074668884,0.061542119830846786,0.3253897726535797,0.07101333886384964,0.29099324345588684,0.07719570398330688,0.30119356513023376,0.07395834475755692
100,0.0,0.0,0.0,0.0,0.28773656487464905,0.055161718279123306,0.2898715138435364,0.06251516193151474,0.265133261680603,0.08826127648353577,0.3063892126083374,0.05634358897805214
101,0.0,0.0,0.0,0.0,0.3198707103729248,0.051062408834695816,0.3246375620365143,0.04041286185383797,0.27705925703048706,0.09031585603952408,0.3135598301887512,0.0754193589091301
102,0.0,0.0,0.0,0.0,0.2666738033294678,0.0775083675980568,0.29438498616218567,0.042105644941329956,0.23677130043506622,0.06777027249336243,0.3018084168434143,0.05606604367494583
103,0.0,0.0,0.0,0.0,0.31512540578842163,0.043198756873607635,0.31747904419898987,0.054586127400398254,0.2513517439365387,0.053782470524311066,0.2689644992351532,0.07706575840711594
104,0.0,0.0,0.0,0.0,0.28815871477127075,0.06233124062418938,0.33124586939811707,0.06310008466243744,0.27037182450294495,0.06549783051013947,0.265065997838974,0.06238215044140816
105,0.0,0.0,0.0,0.0,0.3075527548789978,0.054240304976701736,0.29482561349868774,0.073683001101017,0.28392472863197327,0.048263195902109146,0.3084522485733032,0.048994775861501694
106,0.0,0.0,0.0,0.0,0.3190341293811798,0.05740927904844284,0.3209928572177887,0.06320849061012268,0.28817471861839294,0.06887172907590866,0.24671582877635956,0.09746526181697845
107,0.0,0.0,0.0,0.0,0.32633620500564575,0.04057108983397484,0.32601338624954224,0.028978560119867325,0.286756694316864,0.07932761311531067,0.2788599729537964,0.09387937933206558
108,0.0,0.0,0.0,0.0,0.32477617263793945,0.0547720268368721,0.3005954921245575,0.03734440356492996,0.29856330156326294,0.04580513760447502,0.2694299817085266,0.050297707319259644
109,0.0,0.0,0.0,0.0,0.29690638184547424,0.06046546623110771,0.3218246102333069,0.06652041524648666,0.2436155527830124,0.0827401652932167,0.3064141869544983,0.0501825325191021
110,0.0,0.0,0.0,0.0,0.3091277480125427,0.057049140334129333,0.3070693016052246,0.07401849329471588,0.25451070070266724,0.08719959855079651,0.306151419878006,0.07152149826288223
111,0.0,0.0,0.0,0.0,0.3106599748134613,0.05911869928240776,0.32919225096702576,0.05213954299688339,0.29146265983581543,0.06573157012462616,0.3099793493747711,0.0760311558842659
112,0.0,0.0,0.0,0.0,0.3123173117637634,0.04575900360941887,0.3117198944091797,0.07225486636161804,0.3051765263080597,0.10108941048383713,0.32751229405403137,0.04828793928027153
113,0.0,0.0,0.0,0.0,0.2834000587463379,0.07983957231044769,0.2813982367515564,0.05385367572307587,0.2628510594367981,0.06068887934088707,0.30157914757728577,0.06225511059165001
114,0.0,0.0,0.0,0.0,0.31179842352867126,0.050112035125494,0.30439189076423645,0.05709988623857498,0.2775796949863434,0.061746228486299515,0.30711057782173157,0.037951380014419556
115,0.0,0.0,0.0,0.0,0.295124888420105,0.06994183361530304,0.3190334141254425,0.04398629441857338,0.2390902042388916,0.06382770091295242,0.30288824439048767,0.07549417018890381
116,0.0,0.0,0.0,0.0,0.28875452280044556,0.08938776701688766,0.30518484115600586,0.045969173312187195,0.26484930515289307,0.06962468475103378,0.3102019131183624,0.07938540726900101
117,0.0,0.0,0.0,0.0,0.3295306861400604,0.03330172598361969,0.29490846395492554,0.0751369521021843,0.28558507561683655,0.06554281711578369,0.2767852246761322,0.08467169106006622
118,0.0,0.0,0.0,0.0,0.3179463744163513,0.04310351237654686,0.32110175490379333,0.05312635749578476,0.27972084283828735,0.050156109035015106,0.3334696888923645,0.06167249754071236
119,0.0,0.0,0.0,0.0,0.3373067080974579,0.03807717561721802,0.30505767464637756,0.08321837335824966,0.267673522233963,0.09112183749675751,0.343520849943161,0.04511227458715439
120,0.0,0.0,0.0,0.0,0.3114866614341736,0.04405603185296059,0.32169365882873535,0.05389510095119476,0.27403146028518677,0.08534562587738037,0.32535800337791443,0.052108682692050934
121,0.0,0.0,0.0,0.0,0.3161567747592926,0.04923412576317787,0.3174160122871399,0.07293476164340973,0.2665551006793976,0.061061933636665344,0.2903915047645569,0.06351976096630096
122,0.0,0.0,0.0,0.0,0.3204324543476105,0.04821474105119705,0.32881662249565125,0.043556638062000275,0.2876954674720764,0.06603285670280457,0.290066659450531,0.06976118683815002
123,0.0,0.0,0.0,0.0,0.29987290501594543,0.06639830768108368,0.29655909538269043,0.07044368982315063,0.3170117139816284,0.04909635707736015,0.30890196561813354,0.05027715116739273
124,0.0,0.0,0.0,0.0,0.28404638171195984,0.08147232979536057,0.3144876956939697,0.05623485893011093,0.27436286211013794,0.08227086812257767,0.30469805002212524,0.053596753627061844
125,0.0,0.0,0.0,0.0,0.2977066934108734,0.06829248368740082,0.3060988783836365,0.0346878357231617,0.3033824861049652,0.07752450555562973,0.3098674416542053,0.06939619779586792
126,0.0,0.0,0.0,0.0,0.3276854157447815,0.05240076035261154,0.28168147802352905,0.08309227973222733,0.2871038019657135,0.061416588723659515,0.31515079736709595,0.08648058772087097
127,0.0,0.0,0.0,0.0,0.3195416033267975,0.044804301112890244,0.30521002411842346,0.058489710092544556,0.3124755322933197,0.07910969108343124,0.28906315565109253,0.05778352916240692
128,0.0,0.0,0.0,0.0,0.3160344958305359,0.04549085348844528,0.34331753849983215,0.0372190922498703,0.2872687876224518,0.06810565292835236,0.31115466356277466,0.06828688830137253
129,0.0,0.0,0.0,0.0,0.3139268755912781,0.03840876743197441,0.3245020806789398,0.05435395985841751,0.30774447321891785,0.053834062069654465,0.32422858476638794,0.036717578768730164
130,0.0,0.0,0.0,0.0,0.3154985308647156,0.05218040198087692,0.29130011796951294,0.0737164095044136,0.27116507291793823,0.07705068588256836,0.3202342391014099,0.059671200811862946
131,0.0,0.0,0.0,0.0,0.31925439834594727,0.060538824647665024,0.3016356825828552,0.05985748767852783,0.2654779553413391,0.050884146243333817,0.30401772260665894,0.04468342661857605
132,0.0,0.0,0.0,0.0,0.33794647455215454,0.03552265465259552,0.33876776695251465,0.028298156335949898,0.27830132842063904,0.05109064280986786,0.2840636670589447,0.08679448813199997
133,0.0,0.0,0.0,0.0,0.3387517035007477,0.04025312513113022,0.3051275312900543,0.060473375022411346,0.3007281720638275,0.06036444753408432,0.3088846802711487,0.04362812638282776
134,0.0,0.0,0.0,0.0,0.3191942572593689,0.04518978297710419,0.3443351984024048,0.0407307893037796,0.27664151787757874,0.07832463085651398,0.294883668422699,0.07369101047515869
135,0.0,0.0,0.0,0.0,0.3375434875488281,0.038720544427633286,0.3147749602794647,0.0669768825173378,0.31199806928634644,0.04180225357413292,0.31251245737075806,0.0392472967505455
136,0.0,0.0,0.0,0.0,0.32436269521713257,0.0519876629114151,0.3054986596107483,0.04520759359002113,0.3206287622451782,0.058075498789548874,0.3140636086463928,0.0643032118678093
137,0.0,0.0,0.0,0.0,0.3266834616661072,0.05146288871765137,0.3406856060028076,0.0401117280125618,0.3022722601890564,0.07778765261173248,0.2862153649330139,0.07486497610807419
138,0.0,0.0,0.0,0.0,0.33750778436660767,0.03494689241051674,0.3106144070625305,0.057797838002443314,0.26175937056541443,0.07097053527832031,0.26420462131500244,0.0901079997420311
139,0.0,0.0,0.0,0.0,0.3316267132759094,0.039984673261642456,0.348889023065567,0.032338835299015045,0.3068158030509949,0.061608247458934784,0.2916346490383148,0.06896212697029114
140,0.0,0.0,0.0,0.0,0.33003026247024536,0.06272611767053604,0.3006857931613922,0.07287542521953583,0.2952693998813629,0.06000281870365143,0.30237725377082825,0.07587754726409912
141,0.0,0.0,0.0,0.0,0.3327726721763611,0.039436373859643936,0.3022746443748474,0.06690683215856552,0.2622249126434326,0.05450131371617317,0.29710906744003296,0.08464090526103973
142,0.0,0.0,0.0,0.0,0.31196966767311096,0.04869699850678444,0.3160477578639984,0.04551234096288681,0.3032386302947998,0.046723373234272,0.29825955629348755,0.05576154962182045
143,0.0,0.0,0.0,0.0,0.33876699209213257,0.03530898317694664,0.31585291028022766,0.06596731394529343,0.3062102198600769,0.03870195522904396,0.32612818479537964,0.04431793838739395
144,0.0,0.0,0.0,0.0,0.31556883454322815,0.07477911561727524,0.3502996563911438,0.04587486758828163,0.2850188910961151,0.039521537721157074,0.3174026310443878,0.05409416928887367
145,0.0,0.0,0.0,0.0,0.3239363729953766,0.06984401494264603,0.32105669379234314,0.03575528413057327,0.29606518149375916,0.06632682681083679,0.32995912432670593,0.054260846227407455
146,0.0,0.0,0.0,0.0,0.331429660320282,0.04798193648457527,0.2889663875102997,0.08202022314071655,0.28026002645492554,0.06070737540721893,0.3379817306995392,0.05760422721505165
147,0.0,0.0,0.0,0.0,0.31812459230422974,0.06687390804290771,0.2819133698940277,0.07292065024375916,0.3143360912799835,0.04771587252616882,0.3255026340484619,0.031954530626535416
148,0.0,0.0,0.0,0.0,0.3323357105255127,0.07325810194015503,0.3205859065055847,0.06075230985879898,0.31215035915374756,0.05433012917637825,0.3114106357097626,0.07543500512838364
149,0.0,0.0,0.0,0.0,0.3311787247657776,0.036412376910448074,0.3157110810279846,0.0423353835940361,0.3142729103565216,0.05178693309426308,0.2938295900821686,0.0647805854678154
150,0.0,0.0,0.0,0.0,0.3253198266029358,0.06923025846481323,0.2965311110019684,0.08632464706897736,0.314007967710495,0.05724171921610832,0.29464656114578247,0.07867243885993958
151,0.0,0.0,0.0,0.0,0.3178650736808777,0.08313226699829102,0.32886525988578796,0.04145565256476402,0.28224876523017883,0.06132267415523529,0.28448790311813354,0.057505447417497635
152,0.0,0.0,0.0,0.0,0.3298549950122833,0.052671607583761215,0.3261156678199768,0.0705089271068573,0.3104562759399414,0.0650421679019928,0.26201120018959045,0.07597719877958298
153,0.0,0.0,0.0,0.0,0.305454283952713,0.06712409853935242,0.3135579824447632,0.054300736635923386,0.26400226354599,0.0730181336402893,0.3232124149799347,0.04217281565070152
154,0.0,0.0,0.0,0.0,0.3525417447090149,0.03540032356977463,0.32376396656036377,0.0268391240388155,0.29284361004829407,0.06688036769628525,0.29631635546684265,0.07518845051527023
155,0.0,0.0,0.0,0.0,0.3235336244106293,0.05738157406449318,0.3363960385322571,0.04503241553902626,0.29062438011169434,0.054263439029455185,0.33241134881973267,0.05569843947887421
156,0.0,0.0,0.0,0.0,0.3268018066883087,0.06091101095080376,0.31715697050094604,0.05972962826490402,0.28922587633132935,0.0603068545460701,0.3176667392253876,0.05878814682364464
157,0.0,0.0,0.0,0.0,0.3032127618789673,0.06869100034236908,0.3191571831703186,0.0738120824098587,0.3206271529197693,0.04671960696578026,0.30128034949302673,0.08018672466278076
158,0.0,0.0,0.0,0.0,0.296922892332077,0.07800500839948654,0.3563137352466583,0.024705370888113976,0.32363128662109375,0.051904190331697464,0.3153250217437744,0.04576515406370163
159,0.0,0.0,0.0,0.0,0.3322325646877289,0.05615350604057312,0.3061261773109436,0.06970635801553726,0.30180078744888306,0.0689743161201477,0.3023380935192108,0.08193852752447128
160,0.0,0.0,0.0,0.0,0.3236328661441803,0.08613857626914978,0.27293190360069275,0.07698627561330795,0.2933212220668793,0.05132019519805908,0.3086703419685364,0.06222977489233017
161,0.0,0.0,0.0,0.0,0.3219936490058899,0.04969575256109238,0.3012509346008301,0.070464588701725,0.2921215295791626,0.0743592232465744,0.32627207040786743,0.05779404193162918
162,0.0,0.0,0.0,0.0,0.3275834619998932,0.04021495580673218,0.32740887999534607,0.03747839108109474,0.29598718881607056,0.057044342160224915,0.3098016083240509,0.07790393382310867
163,0.0,0.0,0.0,0.0,0.317871630191803,0.06534877419471741,0.3220077455043793,0.041507307440042496,0.2973027229309082,0.07380149513483047,0.29265856742858887,0.06237543001770973
164,0.0,0.0,0.0,0.0,0.3160211443901062,0.07603656500577927,0.28795909881591797,0.0847717672586441,0.28591811656951904,0.061703864485025406,0.3362545371055603,0.06179548799991608
165,0.0,0.0,0.0,0.0,0.31835490465164185,0.05727149546146393,0.2968704402446747,0.07319281250238419,0.316471666097641,0.06752847880125046,0.29628899693489075,0.07346449047327042
166,0.0,0.0,0.0,0.0,0.3023453950881958,0.047592077404260635,0.33745041489601135,0.03586213290691376,0.34180015325546265,0.048350539058446884,0.30460208654403687,0.03751014173030853
167,0.0,0.0,0.0,0.0,0.31232959032058716,0.06935566663742065,0.3540899455547333,0.049875449389219284,0.2934964597225189,0.035810764878988266,0.26032423973083496,0.09259185194969177
168,0.0,0.0,0.0,0.0,0.3186223804950714,0.06947536021471024,0.3368779718875885,0.052182067185640335,0.2897253930568695,0.062317416071891785,0.2991352677345276,0.0634121298789978
169,0.0,0.0,0.0,0.0,0.2997947335243225,0.09055904299020767,0.3613770306110382,0.04551582783460617,0.3053584396839142,0.04502948373556137,0.29726648330688477,0.0980876237154007
170,0.0,0.0,0.0,0.0,0.3268369436264038,0.0398239940404892,0.3064548075199127,0.052751608192920685,0.3122324049472809,0.04912923648953438,0.29230910539627075,0.0895337238907814
171,0.0,0.0,0.0,0.0,0.3316214978694916,0.04719585180282593,0.322881281375885,0.05847295746207237,0.2990480065345764,0.04593360051512718,0.2824442386627197,0.08402276784181595
172,0.0,0.0,0.0,0.0,0.3384067714214325,0.059557605534791946,0.31628260016441345,0.06812012940645218,0.28389230370521545,0.06625574827194214,0.3019660711288452,0.06861116737127304
173,0.0,0.0,0.0,0.0,0.33741438388824463,0.03161216154694557,0.32876530289649963,0.06382270902395248,0.27849826216697693,0.05941101908683777,0.2951955199241638,0.06558369845151901
174,0.0,0.0,0.0,0.0,0.34273481369018555,0.05857615917921066,0.3024898171424866,0.07452861964702606,0.2980293929576874,0.049472078680992126,0.2699393033981323,0.08108819276094437
175,0.0,0.0,0.0,0.0,0.34319329261779785,0.038654766976833344,0.34317082166671753,0.07322993874549866,0.3045252859592438,0.04475130885839462,0.3130531907081604,0.06221693754196167
176,0.0,0.0,0.0,0.0,0.3394359052181244,0.07387795299291611,0.3214823305606842,0.06437815725803375,0.30747315287590027,0.05378500744700432,0.29953083395957947,0.0642516165971756
177,0.0,0.0,0.0,0.0,0.34414809942245483,0.03558231517672539,0.33270496129989624,0.04888473451137543,0.3202816843986511,0.03901347145438194,0.3046526312828064,0.07229195535182953
178,0.0,0.0,0.0,0.0,0.3433189392089844,0.041287343949079514,0.35760214924812317,0.042345836758613586,0.326694130897522,0.04461496323347092,0.3075198233127594,0.06608479470014572
179,0.0,0.0,0.0,0.0,0.3342522978782654,0.059644754976034164,0.3576892018318176,0.02183346077799797,0.30245277285575867,0.05027411878108978,0.28314536809921265,0.07402125000953674
180,0.0,0.0,0.0,0.0,0.3410544991493225,0.044788967818021774,0.35360828042030334,0.04219439998269081,0.2936560809612274,0.06818760186433792,0.2669607400894165,0.07474596053361893
181,0.0,0.0,0.0,0.0,0.33761802315711975,0.057163055986166,0.3422110974788666,0.02742553874850273,0.285522997379303,0.07612902671098709,0.2948508858680725,0.0678916797041893
182,0.0,0.0,0.0,0.0,0.34537768363952637,0.04422686621546745,0.34734225273132324,0.03312884643673897,0.329452782869339,0.04914321377873421,0.3128036558628082,0.0318639874458313
183,0.0,0.0,0.0,0.0,0.3295610547065735,0.07098699361085892,0.3060040771961212,0.06755910068750381,0.3207991123199463,0.04246321693062782,0.24085633456707,0.09025460481643677
184,0.0,0.0,0.0,0.0,0.35832497477531433,0.05985775962471962,0.3654436469078064,0.021392639726400375,0.2871581017971039,0.03357166796922684,0.3070985674858093,0.05220147594809532
185,0.0,0.0,0.0,0.0,0.34671908617019653,0.03862854465842247,0.3292959928512573,0.07542983442544937,0.3254067897796631,0.07584909349679947,0.32013410329818726,0.04308335483074188
186,0.0,0.0,0.0,0.0,0.34471479058265686,0.07594374567270279,0.3426573872566223,0.07403292506933212,0.31531962752342224,0.038579098880290985,0.33589765429496765,0.04721879959106445
187,0.0,0.0,0.0,0.0,0.3284485340118408,0.09158549457788467,0.3427106440067291,0.03368224948644638,0.32189732789993286,0.03582309931516647,0.32282304763793945,0.09325969964265823
188,0.0,0.0,0.0,0.0,0.33691638708114624,0.03929021209478378,0.31934911012649536,0.06920996308326721,0.32648584246635437,0.05878276750445366,0.26671773195266724,0.08878540992736816
189,0.0,0.0,0.0,0.0,0.361713171005249,0.0844820961356163,0.34359923005104065,0.034553032368421555,0.3040505349636078,0.04861542582511902,0.2635769248008728,0.09943190217018127
190,0.0,0.0,0.0,0.0,0.3199858069419861,0.0556882843375206,0.33904945850372314,0.05217830464243889,0.3308480978012085,0.0737922266125679,0.30803602933883667,0.05547467619180679
191,0.0,0.0,0.0,0.0,0.3381357192993164,0.06894636899232864,0.3330768346786499,0.04456574469804764,0.32291653752326965,0.03758639842271805,0.29995808005332947,0.07131551206111908
192,0.0,0.0,0.0,0.0,0.328422874212265,0.04163362458348274,0.3060224950313568,0.05922974273562431,0.29643017053604126,0.05784618854522705,0.32623490691185,0.05039152130484581
193,0.0,0.0,0.0,0.0,0.3210667371749878,0.0663599744439125,0.3398045599460602,0.05930672585964203,0.3381649851799011,0.044408585876226425,0.31552448868751526,0.045969776809215546
194,0.0,0.0,0.0,0.0,0.3292979598045349,0.06205844134092331,0.3376093804836273,0.044954970479011536,0.3087374269962311,0.05796825885772705,0.2825239300727844,0.094964899122715
195,0.0,0.0,0.0,0.0,0.3229110538959503,0.07491215318441391,0.2782749831676483,0.07525751739740372,0.3081921935081482,0.051875434815883636,0.3342384696006775,0.049058228731155396
196,0.0,0.0,0.0,0.0,0.316514253616333,0.07129910588264465,0.33867159485816956,0.070891372859478,0.31991472840309143,0.04245109111070633,0.32277679443359375,0.055442944169044495
197,0.0,0.0,0.0,0.0,0.32852721214294434,0.04578699916601181,0.333418607711792,0.07308176904916763,0.31520694494247437,0.061859503388404846,0.28300684690475464,0.08897116780281067
198,0.0,0.0,0.0,0.0,0.33600685000419617,0.06649921834468842,0.3359355032444,0.038149815052747726,0.33119168877601624,0.04242619872093201,0.29995694756507874,0.07991395145654678
199,0.0,0.0,0.0,0.0,0.3103982210159302,0.08861342072486877,0.3446618914604187,0.04021183028817177,0.2907184958457947,0.04705677554011345,0.28769102692604065,0.08623689413070679
200,0.0,0.0,0.0,0.0,0.3316326141357422,0.06335224956274033,0.3216671347618103,0.06986495107412338,0.2825964391231537,0.07710669934749603,0.30127689242362976,0.0638808086514473
201,0.0,0.0,0.0,0.0,0.3217248022556305,0.09616927802562714,0.3391498923301697,0.06031293794512749,0.29703566431999207,0.046088773757219315,0.27607280015945435,0.08209635317325592
202,0.0,0.0,0.0,0.0,0.29006069898605347,0.074626125395298,0.33356720209121704,0.036718662828207016,0.306610643863678,0.033442165702581406,0.29684028029441833,0.05030472204089165
203,0.0,0.0,0.0,0.0,0.33474001288414,0.05053774639964104,0.35027188062667847,0.04985438659787178,0.29784032702445984,0.04236491024494171,0.326077401638031,0.07714013755321503
204,0.0,0.0,0.0,0.0,0.3379516005516052,0.061709873378276825,0.3344974219799042,0.05634338781237602,0.28831222653388977,0.08159738034009933,0.30563172698020935,0.06749138981103897
205,0.0,0.0,0.0,0.0,0.3300052285194397,0.07432909309864044,0.3147405982017517,0.05861075222492218,0.267021119594574,0.055793099105358124,0.2646200656890869,0.06600107252597809
206,0.0,0.0,0.0,0.0,0.3083486557006836,0.09225303679704666,0.30382823944091797,0.053901415318250656,0.28441351652145386,0.07499118894338608,0.3258832097053528,0.049896348267793655
207,0.0,0.0,0.0,0.0,0.32115551829338074,0.09008683264255524,0.3207150995731354,0.05326547846198082,0.29124850034713745,0.05402912572026253,0.31036847829818726,0.06712157279253006
208,0.0,0.0,0.0,0.0,0.3124895691871643,0.08455268293619156,0.3116229474544525,0.05956948548555374,0.2932668626308441,0.07938940823078156,0.26949185132980347,0.06739361584186554
209,0.0,0.0,0.0,0.0,0.3138353228569031,0.08994671702384949,0.29275748133659363,0.07404688000679016,0.3095720112323761,0.05226472020149231,0.3065432012081146,0.05612812936306
210,0.0,0.0,0.0,0.0,0.3076454699039459,0.07186003774404526,0.3198786973953247,0.050696443766355515,0.2908455729484558,0.07593013346195221,0.27909404039382935,0.0898146703839302
211,0.0,0.0,0.0,0.0,0.309357225894928,0.06511390954256058,0.30779901146888733,0.06279657036066055,0.2722981870174408,0.06735530495643616,0.3006051182746887,0.06695124506950378
212,0.0,0.0,0.0,0.0,0.32146787643432617,0.06960395723581314,0.3510676622390747,0.044692832976579666,0.32273656129837036,0.04118933156132698,0.3248492479324341,0.053573716431856155
213,0.0,0.0,0.0,0.0,0.3251807987689972,0.06436717510223389,0.3226596713066101,0.06007453426718712,0.3028995096683502,0.0641893818974495,0.30470022559165955,0.07940966635942459
214,0.0,0.0,0.0,0.0,0.2846030294895172,0.08638457953929901,0.3239343464374542,0.07088486850261688,0.3106779456138611,0.06691807508468628,0.3126772940158844,0.06903284043073654
215,0.0,0.0,0.0,0.0,0.3024537265300751,0.08075715601444244,0.3064647912979126,0.08196168392896652,0.2982035279273987,0.07873677462339401,0.3235999345779419,0.06553559750318527
216,0.0,0.0,0.0,0.0,0.33022695779800415,0.05992826446890831,0.3308621346950531,0.0668267011642456,0.2848507761955261,0.043163590133190155,0.32304704189300537,0.04102379456162453
217,0.0,0.0,0.0,0.0,0.3172737658023834,0.08160974085330963,0.3532598912715912,0.037308115512132645,0.30851417779922485,0.07323245704174042,0.33521658182144165,0.06977096199989319
218,0.0,0.0,0.0,0.0,0.3282843828201294,0.07009758800268173,0.3038828670978546,0.07686877250671387,0.2929081916809082,0.07662459462881088,0.33290964365005493,0.06148403137922287
219,0.0,0.0,0.0,0.0,0.3066751956939697,0.06660701334476471,0.3155410885810852,0.06360738724470139,0.2957412600517273,0.060015808790922165,0.30134937167167664,0.0556015819311142
220,0.0,0.0,0.0,0.0,0.3303866982460022,0.04527581110596657,0.3150997459888458,0.05891213193535805,0.29523900151252747,0.05299566313624382,0.31697624921798706,0.029752064496278763
221,0.0,0.0,0.0,0.0,0.28498274087905884,0.09412543475627899,0.3237930238246918,0.06569359451532364,0.3273988962173462,0.05779104307293892,0.2992590367794037,0.07321101427078247
222,0.0,0.0,0.0,0.0,0.3242214024066925,0.08775223046541214,0.3220195472240448,0.07229237258434296,0.32627546787261963,0.04493948817253113,0.3081154525279999,0.05912809446454048
223,0.0,0.0,0.0,0.0,0.339240700006485,0.04750581085681915,0.3111985921859741,0.08744408935308456,0.30163055658340454,0.05536850541830063,0.3220953345298767,0.054123975336551666
224,0.0,0.0,0.0,0.0,0.328683078289032,0.0500095970928669,0.30852386355400085,0.06867990642786026,0.30291324853897095,0.07502397894859314,0.34296196699142456,0.05245785787701607
225,0.0,0.0,0.0,0.0,0.30702489614486694,0.05923705920577049,0.29858630895614624,0.0799860954284668,0.31824758648872375,0.03318534791469574,0.30984246730804443,0.06696280092000961
226,0.0,0.0,0.0,0.0,0.30880457162857056,0.04676613584160805,0.28754547238349915,0.08007244020700455,0.2902742028236389,0.08488219231367111,0.31604239344596863,0.0781845971941948
227,0.0,0.0,0.0,0.0,0.3219876289367676,0.05265150964260101,0.29864126443862915,0.08003801107406616,0.29677248001098633,0.071595698595047,0.2957803010940552,0.06434330344200134
228,0.0,0.0,0.0,0.0,0.2866104245185852,0.0854300782084465,0.3132963478565216,0.04925084859132767,0.29543399810791016,0.06153685599565506,0.3136913478374481,0.06168932467699051
229,0.0,0.0,0.0,0.0,0.2695389986038208,0.0742403045296669,0.3228839635848999,0.057966090738773346,0.2867472171783447,0.06664324551820755,0.3240499496459961,0.04391225427389145
230,0.0,0.0,0.0,0.0,0.32087430357933044,0.05511404946446419,0.3167928457260132,0.059778761118650436,0.2945200800895691,0.057886164635419846,0.32271236181259155,0.06110085919499397
231,0.0,0.0,0.0,0.0,0.3210633397102356,0.05797647312283516,0.3167266547679901,0.07028605043888092,0.3008486032485962,0.07290491461753845,0.34868571162223816,0.06418108940124512
232,0.0,0.0,0.0,0.0,0.3396461606025696,0.03920430690050125,0.3106931149959564,0.06801998615264893,0.2958889603614807,0.0455859899520874,0.3323531746864319,0.07293958216905594
233,0.0,0.0,0.0,0.0,0.2881072461605072,0.06494632363319397,0.32626965641975403,0.06253126263618469,0.31308725476264954,0.05089760944247246,0.32644301652908325,0.06122349947690964
234,0.0,0.0,0.0,0.0,0.3244730532169342,0.05042359605431557,0.2709154486656189,0.08760079741477966,0.2950780987739563,0.06318888813257217,0.3069104552268982,0.07427458465099335
235,0.0,0.0,0.0,0.0,0.2995336055755615,0.06730641424655914,0.3211154341697693,0.05869424715638161,0.2812817692756653,0.06050487980246544,0.3208937644958496,0.07321678102016449
236,0.0,0.0,0.0,0.0,0.3120861053466797,0.0706392303109169,0.2891688644886017,0.07686001062393188,0.34054917097091675,0.053032200783491135,0.3309573829174042,0.05483332276344299
237,0.0,0.0,0.0,0.0,0.3126264214515686,0.05256443843245506,0.2908875644207001,0.07588285952806473,0.3246806859970093,0.06445049494504929,0.32364898920059204,0.04292740300297737
238,0.0,0.0,0.0,0.0,0.29255253076553345,0.07742058485746384,0.31747549772262573,0.06380641460418701,0.3109140992164612,0.0625542625784874,0.3098392188549042,0.07155945897102356
239,0.0,0.0,0.0,0.0,0.3132466971874237,0.0774751752614975,0.32524746656417847,0.04971243068575859,0.3062163293361664,0.04297661781311035,0.3179503083229065,0.06737380474805832
240,0.0,0.0,0.0,0.0,0.3262452781200409,0.040476229041814804,0.29814571142196655,0.08055849373340607,0.3393132984638214,0.04052058979868889,0.3308665454387665,0.04169442132115364
241,0.0,0.0,0.0,0.0,0.28432363271713257,0.06269138306379318,0.316060334444046,0.07742244005203247,0.29507794976234436,0.0592937245965004,0.327203631401062,0.04861054942011833
242,0.0,0.0,0.0,0.0,0.28910812735557556,0.07454659044742584,0.32556551694869995,0.06422457844018936,0.2936183512210846,0.059683941304683685,0.3490181267261505,0.0367303192615509
243,0.0,0.0,0.0,0.0,0.3095245957374573,0.0816340297460556,0.3036154806613922,0.0753295049071312,0.31489959359169006,0.03266630694270134,0.36648935079574585,0.03185291215777397
244,0.0,0.0,0.0,0.0,0.284580796957016,0.07264325022697449,0.3169158101081848,0.07246947288513184,0.3016126751899719,0.05893949046730995,0.3548751175403595,0.05073923617601395
245,0.0,0.0,0.0,0.0,0.2970758080482483,0.09312229603528976,0.3407662808895111,0.08117273449897766,0.32031041383743286,0.0356898233294487,0.33785563707351685,0.058285847306251526
246,0.0,0.0,0.0,0.0,0.32411903142929077,0.05610198527574539,0.29504841566085815,0.09675232321023941,0.2901698648929596,0.07213224470615387,0.30721670389175415,0.08455114811658859
247,0.0,0.0,0.0,0.0,0.26807814836502075,0.0728924348950386,0.3111571967601776,0.07673937827348709,0.2989181876182556,0.06657059490680695,0.3477779030799866,0.032676637172698975
248,0.0,0.0,0.0,0.0,0.31599336862564087,0.06183477118611336,0.31216078996658325,0.06834228336811066,0.2878197729587555,0.0537167489528656,0.3030011057853699,0.060513921082019806
249,0.0,0.0,0.0,0.0,0.31446385383605957,0.04945001378655434,0.3093969225883484,0.06933999806642532,0.3107683062553406,0.05521569028496742,0.3223227560520172,0.06935033947229385
250,0.0,0.0,0.0,0.0,0.29727903008461,0.07120294123888016,0.2685702443122864,0.08873534947633743,0.29925966262817383,0.05898406356573105,0.30126267671585083,0.05854954198002815
251,0.0,0.0,0.0,0.0,0.32389035820961,0.06057737395167351,0.2937312126159668,0.08034629374742508,0.32499730587005615,0.03350476920604706,0.34318944811820984,0.031107865273952484
252,0.0,0.0,0.0,0.0,0.30516475439071655,0.06889898329973221,0.28124696016311646,0.09610983729362488,0.29245954751968384,0.08559821546077728,0.3556250333786011,0.04225049167871475
253,0.0,0.0,0.0,0.0,0.34202659130096436,0.03928051143884659,0.2732981741428375,0.0807768926024437,0.29524415731430054,0.04879720136523247,0.33067086338996887,0.05361008644104004
254,0.0,0.0,0.0,0.0,0.3036397397518158,0.09376109391450882,0.32452526688575745,0.05212850496172905,0.3232652544975281,0.05699688941240311,0.3425166606903076,0.07506365329027176
255,0.0,0.0,0.0,0.0,0.29516199231147766,0.08714497834444046,0.299530565738678,0.07699527591466904,0.2916415333747864,0.05602436140179634,0.3223663568496704,0.04697464406490326
256,0.0,0.0,0.0,0.0,0.28384530544281006,0.09842845797538757,0.2978365421295166,0.07841388881206512,0.3149850070476532,0.07119500637054443,0.3135146498680115,0.07883007079362869
257,0.0,0.0,0.0,0.0,0.31601887941360474,0.09119673818349838,0.28748375177383423,0.08819985389709473,0.2748940587043762,0.05628787726163864,0.33558958768844604,0.04106134921312332
258,0.0,0.0,0.0,0.0,0.30220094323158264,0.07428491115570068,0.332333505153656,0.05802072584629059,0.2808014750480652,0.0746346265077591,0.33980071544647217,0.049308892339468
259,0.0,0.0,0.0,0.0,0.31145015358924866,0.06397857517004013,0.33203524351119995,0.0419134646654129,0.32163745164871216,0.06142527237534523,0.32707294821739197,0.06594472378492355
260,0.0,0.0,0.0,0.0,0.3170343041419983,0.06583055108785629,0.319103866815567,0.057075489312410355,0.30093199014663696,0.06417322903871536,0.31983205676078796,0.0625314936041832
261,0.0,0.0,0.0,0.0,0.323615163564682,0.07446690648794174,0.29095548391342163,0.06160659343004227,0.3230242133140564,0.05665058270096779,0.3019970655441284,0.06399758905172348
262,0.0,0.0,0.0,0.0,0.31594839692115784,0.05236891284584999,0.3213975727558136,0.076485775411129,0.29948320984840393,0.07077568024396896,0.32292401790618896,0.060020674020051956
263,0.0,0.0,0.0,0.0,0.3226528763771057,0.08730580657720566,0.29491275548934937,0.08234014362096786,0.33590808510780334,0.04180184006690979,0.33016419410705566,0.048759885132312775
264,0.0,0.0,0.0,0.0,0.3303190767765045,0.06936141848564148,0.2765665650367737,0.08310312777757645,0.32408592104911804,0.06362007558345795,0.32141825556755066,0.05595993995666504
265,0.0,0.0,0.0,0.0,0.3273000121116638,0.04793047159910202,0.3054735064506531,0.09251132607460022,0.31274428963661194,0.058116719126701355,0.3301484286785126,0.05835884436964989
266,0.0,0.0,0.0,0.0,0.3245266079902649,0.07241649925708771,0.29764944314956665,0.08285462856292725,0.3007967472076416,0.05009322240948677,0.3340584337711334,0.05177801102399826
267,0.0,0.0,0.0,0.0,0.3200611472129822,0.05966443568468094,0.2991028428077698,0.08408835530281067,0.3311452269554138,0.061089690774679184,0.3160892426967621,0.06602751463651657
268,0.0,0.0,0.0,0.0,0.31803104281425476,0.04641145095229149,0.3084085285663605,0.07659464329481125,0.3131346106529236,0.058564260601997375,0.32322031259536743,0.06599089503288269
269,0.0,0.0,0.0,0.0,0.307576447725296,0.06775026768445969,0.2633580267429352,0.07407468557357788,0.3152601718902588,0.04982752725481987,0.330787718296051,0.047120023518800735
270,0.0,0.0,0.0,0.0,0.3170786201953888,0.03784678503870964,0.33218735456466675,0.053119175136089325,0.32253649830818176,0.0471336767077446,0.31179675459861755,0.04909496009349823
271,0.0,0.0,0.0,0.0,0.2876289188861847,0.04492916911840439,0.2887464165687561,0.11296847462654114,0.3152550458908081,0.03650950640439987,0.342212438583374,0.043731726706027985
272,0.0,0.0,0.0,0.0,0.3078005611896515,0.055403050035238266,0.32735031843185425,0.04970398172736168,0.30791550874710083,0.0666193962097168,0.31559187173843384,0.05220307782292366
273,0.0,0.0,0.0,0.0,0.31203600764274597,0.05102120339870453,0.28715401887893677,0.07709606736898422,0.3093186914920807,0.07511751353740692,0.3260915279388428,0.062372658401727676
274,0.0,0.0,0.0,0.0,0.3273823857307434,0.04734690487384796,0.3188793957233429,0.06110966578125954,0.3518298864364624,0.047284454107284546,0.35050755739212036,0.046714093536138535
275,0.0,0.0,0.0,0.0,0.31265944242477417,0.04306943342089653,0.3066336214542389,0.06369109451770782,0.3249698281288147,0.05599867179989815,0.3347916603088379,0.06281109154224396
276,0.0,0.0,0.0,0.0,0.31782442331314087,0.03099585324525833,0.2761108875274658,0.06139247864484787,0.35279974341392517,0.038687463849782944,0.3153466582298279,0.05873342975974083
277,0.0,0.0,0.0,0.0,0.2961096167564392,0.07231694459915161,0.33594590425491333,0.06333542615175247,0.3445155918598175,0.059065259993076324,0.34731024503707886,0.06935609877109528
278,0.0,0.0,0.0,0.0,0.3040604889392853,0.07056279480457306,0.286737859249115,0.07321950048208237,0.31265902519226074,0.0497422069311142,0.3384116590023041,0.06318730860948563
279,0.0,0.0,0.0,0.0,0.3111302852630615,0.08144108206033707,0.31469181180000305,0.06781943887472153,0.3418966233730316,0.0462888740003109,0.3059767782688141,0.0481964536011219
280,0.0,0.0,0.0,0.0,0.3130356967449188,0.045512184500694275,0.31035783886909485,0.0542445182800293,0.34867700934410095,0.04976368322968483,0.31251561641693115,0.0790216326713562
281,0.0,0.0,0.0,0.0,0.3230489194393158,0.04732516035437584,0.28323549032211304,0.09374014288187027,0.31804782152175903,0.05707308650016785,0.36176353693008423,0.04935440048575401
282,0.0,0.0,0.0,0.0,0.2980025112628937,0.037818703800439835,0.3105098605155945,0.08068271726369858,0.3032304644584656,0.06961148232221603,0.3231053650379181,0.0637788251042366
283,0.0,0.0,0.0,0.0,0.29797619581222534,0.06018029525876045,0.30892127752304077,0.05988907814025879,0.29289403557777405,0.0757383406162262,0.3225567936897278,0.05992811918258667
284,0.0,0.0,0.0,0.0,0.3119145333766937,0.05886559188365936,0.3097314238548279,0.0664922446012497,0.34489113092422485,0.04838726669549942,0.3288605213165283,0.07807163894176483
285,0.0,0.0,0.0,0.0,0.2945583760738373,0.09104281663894653,0.30811136960983276,0.05284993723034859,0.34126681089401245,0.05820876359939575,0.30470719933509827,0.0529288575053215
286,0.0,0.0,0.0,0.0,0.32590237259864807,0.05655187740921974,0.3224259614944458,0.061378709971904755,0.26917368173599243,0.08690299838781357,0.3156859278678894,0.07271118462085724
287,0.0,0.0,0.0,0.0,0.31877630949020386,0.06894998997449875,0.2713635563850403,0.06880916655063629,0.3119111955165863,0.07071423530578613,0.32894453406333923,0.056461408734321594
288,0.0,0.0,0.0,0.0,0.2796579897403717,0.06792166829109192,0.3375302255153656,0.04106903076171875,0.3153880536556244,0.05615096166729927,0.35173824429512024,0.045022040605545044
289,0.0,0.0,0.0,0.0,0.2971314787864685,0.0738004669547081,0.3120191693305969,0.07490923255681992,0.3378075659275055,0.0590042881667614,0.290254145860672,0.04743993282318115
290,0.0,0.0,0.0,0.0,0.31594398617744446,0.05928465723991394,0.29749125242233276,0.07132791727781296,0.35624057054519653,0.028986098244786263,0.33015498518943787,0.044708624482154846
291,0.0,0.0,0.0,0.0,0.33075854182243347,0.03612484782934189,0.30119889974594116,0.06326064467430115,0.3069770634174347,0.05635454133152962,0.3000096380710602,0.06579962372779846
292,0.0,0.0,0.0,0.0,0.309026300907135,0.05605248361825943,0.3141334354877472,0.07016546279191971,0.31021028757095337,0.0800209790468216,0.32582587003707886,0.06124947592616081
293,0.0,0.0,0.0,0.0,0.3130853474140167,0.07392297685146332,0.3159690797328949,0.08045578002929688,0.28467294573783875,0.08207385241985321,0.3130849599838257,0.052112456411123276
294,0.0,0.0,0.0,0.0,0.3018837571144104,0.07060864567756653,0.3425094485282898,0.06992736458778381,0.2919929325580597,0.06769752502441406,0.31573694944381714,0.05776166915893555
295,0.0,0.0,0.0,0.0,0.2960713803768158,0.07405928522348404,0.3007907569408417,0.08396875858306885,0.2820108234882355,0.08328267186880112,0.32744988799095154,0.057083189487457275
296,0.0,0.0,0.0,0.0,0.33823221921920776,0.03869124874472618,0.30909889936447144,0.06695056706666946,0.32828494906425476,0.0796397253870964,0.30561432242393494,0.053843460977077484
297,0.0,0.0,0.0,0.0,0.3253597319126129,0.05557006970047951,0.29427626729011536,0.09729709476232529,0.33856910467147827,0.03322668746113777,0.32313665747642517,0.040398191660642624
298,0.0,0.0,0.0,0.0,0.3365230858325958,0.05441616475582123,0.32501545548439026,0.06122700497508049,0.3468630313873291,0.05334876477718353,0.3431374132633209,0.043852683156728745
299,0.0,0.0,0.0,0.0,0.31482213735580444,0.07383539527654648,0.29315871000289917,0.08047720789909363,0.32410019636154175,0.02406449057161808,0.32330018281936646,0.074170783162117
300,0.0,0.0,0.0,0.0,0.2898866534233093,0.07085627317428589,0.2832372784614563,0.09172163903713226,0.2880169749259949,0.060209374874830246,0.3278629779815674,0.04298628494143486
301,0.0,0.0,0.0,0.0,0.3388286530971527,0.04643271863460541,0.2984898090362549,0.054177120327949524,0.30128711462020874,0.07238559424877167,0.2730623483657837,0.06622392684221268
302,0.0,0.0,0.0,0.0,0.28679004311561584,0.09564924985170364,0.3081168532371521,0.07423914968967438,0.32757997512817383,0.05252309516072273,0.35415369272232056,0.03956019505858421
303,0.0,0.0,0.0,0.0,0.31978386640548706,0.0606851652264595,0.3073197603225708,0.06410948932170868,0.2949594259262085,0.055154599249362946,0.2861413061618805,0.0674203485250473
304,0.0,0.0,0.0,0.0,0.31635943055152893,0.060440659523010254,0.271032452583313,0.06820762902498245,0.3392553925514221,0.048121485859155655,0.35249513387680054,0.03975925222039223
305,0.0,0.0,0.0,0.0,0.31560608744621277,0.08262453228235245,0.2917139530181885,0.07367900758981705,0.29144158959388733,0.07315885275602341,0.32855167984962463,0.027196403592824936
306,0.0,0.0,0.0,0.0,0.29999178647994995,0.05858819559216499,0.32705384492874146,0.05200706049799919,0.30743658542633057,0.0572420135140419,0.33919280767440796,0.05900685861706734
307,0.0,0.0,0.0,0.0,0.295672744512558,0.08041271567344666,0.3168274760246277,0.05757785961031914,0.2912296950817108,0.08247780799865723,0.34179094433784485,0.06315074115991592
308,0.0,0.0,0.0,0.0,0.3081415891647339,0.07177440822124481,0.29943206906318665,0.05981621518731117,0.30860528349876404,0.06662207841873169,0.31166738271713257,0.058777131140232086
309,0.0,0.0,0.0,0.0,0.2894730269908905,0.08512868732213974,0.29861241579055786,0.06908702850341797,0.3240351676940918,0.04975288733839989,0.3280576765537262,0.0539407953619957
310,0.0,0.0,0.0,0.0,0.29047709703445435,0.06893414258956909,0.3089507818222046,0.0467902310192585,0.31587862968444824,0.06581391394138336,0.2937003970146179,0.06612087041139603
311,0.0,0.0,0.0,0.0,0.3056921362876892,0.08195208013057709,0.2764337658882141,0.09342493116855621,0.28596797585487366,0.06294995546340942,0.3238890767097473,0.0592556968331337
312,0.0,0.0,0.0,0.0,0.3141147494316101,0.0570935420691967,0.30005425214767456,0.07062619179487228,0.2913955748081207,0.05737795680761337,0.32092976570129395,0.03676994889974594
313,0.0,0.0,0.0,0.0,0.3303091824054718,0.06074519827961922,0.3055823743343353,0.09289348125457764,0.3141056001186371,0.07074248790740967,0.2997860908508301,0.05251794680953026
314,0.0,0.0,0.0,0.0,0.32770222425460815,0.06419883668422699,0.3317965865135193,0.08000817894935608,0.3084287941455841,0.07463476806879044,0.314500093460083,0.06995618343353271
315,0.0,0.0,0.0,0.0,0.2934979200363159,0.09896842390298843,0.32811036705970764,0.05614665150642395,0.30400562286376953,0.06876962631940842,0.3148556351661682,0.0798020288348198
316,0.0,0.0,0.0,0.0,0.328334242105484,0.06904198974370956,0.31790071725845337,0.06776954233646393,0.3025461435317993,0.07402320951223373,0.3110535740852356,0.07280070334672928
317,0.0,0.0,0.0,0.0,0.29610714316368103,0.09163274616003036,0.3039337396621704,0.06685566902160645,0.3074799180030823,0.08050719648599625,0.33580031991004944,0.03860347718000412
318,0.0,0.0,0.0,0.0,0.33235904574394226,0.07984362542629242,0.29097628593444824,0.0857192799448967,0.3048502802848816,0.056994128972291946,0.3282674252986908,0.06228303536772728
319,0.0,0.0,0.0,0.0,0.3246101140975952,0.05264018848538399,0.29543954133987427,0.06455829739570618,0.29715999960899353,0.060538992285728455,0.3134499192237854,0.06816421449184418
320,0.0,0.0,0.0,0.0,0.313414990901947,0.06743554025888443,0.3039650619029999,0.06463942676782608,0.32536575198173523,0.051155269145965576,0.3100259006023407,0.07288754731416702
321,0.0,0.0,0.0,0.0,0.31454604864120483,0.07159743458032608,0.2962900698184967,0.07838267832994461,0.3338610529899597,0.05532443895936012,0.3023635447025299,0.05500122532248497
322,0.0,0.0,0.0,0.0,0.3209063708782196,0.07074728608131409,0.3320123553276062,0.033516377210617065,0.3371061384677887,0.0507756806910038,0.32432037591934204,0.05650792643427849
323,0.0,0.0,0.0,0.0,0.3258572220802307,0.0755673348903656,0.3011232912540436,0.07231016457080841,0.3039450943470001,0.06495126336812973,0.324017196893692,0.0553518682718277
324,0.0,0.0,0.0,0.0,0.3274156153202057,0.07785464823246002,0.31582075357437134,0.06923294812440872,0.32138943672180176,0.04355181008577347,0.31157389283180237,0.06874758750200272
325,0.0,0.0,0.0,0.0,0.3465830683708191,0.04930661618709564,0.32037264108657837,0.04303444176912308,0.3282388150691986,0.053771406412124634,0.3038117289543152,0.060216087847948074
326,0.0,0.0,0.0,0.0,0.2958287000656128,0.08824637532234192,0.29364854097366333,0.06477006524801254,0.30190303921699524,0.06627241522073746,0.29320576786994934,0.07782848179340363
327,0.0,0.0,0.0,0.0,0.3319985568523407,0.06351419538259506,0.32010820508003235,0.0705011859536171,0.3008576035499573,0.06904903054237366,0.3103686273097992,0.04764724150300026
328,0.0,0.0,0.0,0.0,0.32533499598503113,0.0721142590045929,0.32573527097702026,0.05847601965069771,0.3012144863605499,0.07628795504570007,0.3384045958518982,0.05454326793551445
329,0.0,0.0,0.0,0.0,0.33873802423477173,0.06304722279310226,0.30992504954338074,0.07494662702083588,0.3089168667793274,0.07113593071699142,0.3084391951560974,0.05922267213463783
330,0.0,0.0,0.0,0.0,0.30902963876724243,0.08442609012126923,0.3311130404472351,0.0273462925106287,0.323059618473053,0.056441571563482285,0.33087486028671265,0.06046382337808609
331,0.0,0.0,0.0,0.0,0.3215312659740448,0.07675539702177048,0.32370713353157043,0.04600593075156212,0.3103094696998596,0.05891517549753189,0.30841168761253357,0.062210116535425186
332,0.0,0.0,0.0,0.0,0.3246750831604004,0.06783145666122437,0.3146013915538788,0.06353041529655457,0.3209526538848877,0.046892743557691574,0.329106867313385,0.0509205125272274
333,0.0,0.0,0.0,0.0,0.3068379759788513,0.08702122420072556,0.3175409138202667,0.04545087367296219,0.2881441116333008,0.08260016143321991,0.30576011538505554,0.05569745972752571
334,0.0,0.0,0.0,0.0,0.33276599645614624,0.07411209493875504,0.3191561996936798,0.07321006804704666,0.31062251329421997,0.060874927788972855,0.3043600916862488,0.040576737374067307
335,0.0,0.0,0.0,0.0,0.31179913878440857,0.053507000207901,0.2909361720085144,0.05029154568910599,0.30866989493370056,0.07101555913686752,0.31947606801986694,0.053599972277879715
336,0.0,0.0,0.0,0.0,0.31406188011169434,0.05482471361756325,0.32483524084091187,0.041196513921022415,0.30979761481285095,0.07151619344949722,0.3042803406715393,0.05010051652789116
337,0.0,0.0,0.0,0.0,0.2942216992378235,0.04952295869588852,0.3003975450992584,0.05365427955985069,0.2958770990371704,0.06440068036317825,0.3230399489402771,0.04090098291635513
338,0.0,0.0,0.0,0.0,0.33062174916267395,0.04899916425347328,0.2829170823097229,0.056441180408000946,0.3170323073863983,0.051470693200826645,0.31531822681427,0.06096918135881424
339,0.0,0.0,0.0,0.0,0.30438825488090515,0.08912050724029541,0.309381902217865,0.059630297124385834,0.3059689700603485,0.07361147552728653,0.3259432911872864,0.05241677537560463
340,0.0,0.0,0.0,0.0,0.3158796429634094,0.0638321042060852,0.3227035105228424,0.04958668351173401,0.29214683175086975,0.07756457477807999,0.3167415261268616,0.06957945227622986
341,0.0,0.0,0.0,0.0,0.284078985452652,0.09496794641017914,0.3027617037296295,0.04568687453866005,0.32668548822402954,0.06530431658029556,0.31637871265411377,0.049073539674282074
342,0.0,0.0,0.0,0.0,0.31338268518447876,0.07965107262134552,0.3242049515247345,0.04476868733763695,0.3211524486541748,0.04287907853722572,0.3058425188064575,0.08300185948610306
343,0.0,0.0,0.0,0.0,0.3107370436191559,0.06454001367092133,0.32158422470092773,0.04059706628322601,0.2971991300582886,0.06144582852721214,0.3345203995704651,0.06976152211427689
344,0.0,0.0,0.0,0.0,0.3017604947090149,0.07434667646884918,0.3063635528087616,0.06712594628334045,0.3057175874710083,0.05854835733771324,0.3238936960697174,0.043894339352846146
345,0.0,0.0,0.0,0.0,0.3030601143836975,0.08318476378917694,0.32467448711395264,0.05252779647707939,0.31025105714797974,0.0544731579720974,0.3424230217933655,0.057128939777612686
346,0.0,0.0,0.0,0.0,0.3110392689704895,0.0675840973854065,0.32924944162368774,0.05288096144795418,0.31610751152038574,0.05281609296798706,0.31756457686424255,0.06262970715761185
347,0.0,0.0,0.0,0.0,0.2631072700023651,0.07093349099159241,0.3134412169456482,0.05194659158587456,0.3038777709007263,0.036850765347480774,0.3229425549507141,0.06521203368902206
348,0.0,0.0,0.0,0.0,0.28804320096969604,0.07598762959241867,0.2999497950077057,0.07264883071184158,0.29997801780700684,0.05319806933403015,0.3335708975791931,0.050298821181058884
349,0.0,0.0,0.0,0.0,0.3030645251274109,0.07643226534128189,0.318045049905777,0.04828016087412834,0.3106803596019745,0.0453348383307457,0.3308873474597931,0.05543164908885956
350,0.0,0.0,0.0,0.0,0.3221752941608429,0.08121970295906067,0.3380109667778015,0.02719045802950859,0.3100771903991699,0.07173997163772583,0.34545809030532837,0.04373053461313248
351,0.0,0.0,0.0,0.0,0.280637264251709,0.08834300935268402,0.32017219066619873,0.050002384930849075,0.2910405397415161,0.07003721594810486,0.33259403705596924,0.04768946394324303
352,0.0,0.0,0.0,0.0,0.33460116386413574,0.043766703456640244,0.3062813878059387,0.06338897347450256,0.30734890699386597,0.0632149949669838,0.34115952253341675,0.056756433099508286
353,0.0,0.0,0.0,0.0,0.2880309224128723,0.08831600099802017,0.2940780222415924,0.04531284421682358,0.3132234215736389,0.07110992819070816,0.3193199634552002,0.05470602959394455
354,0.0,0.0,0.0,0.0,0.31781166791915894,0.07952195405960083,0.31002017855644226,0.053503528237342834,0.32304245233535767,0.05664333701133728,0.3363538086414337,0.05008174851536751
355,0.0,0.0,0.0,0.0,0.32411500811576843,0.048098739236593246,0.29269248247146606,0.055018968880176544,0.30084389448165894,0.05981670692563057,0.3068591058254242,0.04647943004965782
356,0.0,0.0,0.0,0.0,0.3518766760826111,0.04077082872390747,0.2991648018360138,0.04920722171664238,0.3070741593837738,0.06945186853408813,0.3030799329280853,0.07098325341939926
357,0.0,0.0,0.0,0.0,0.3325681686401367,0.06565115600824356,0.31152695417404175,0.05410367622971535,0.3254505693912506,0.06751742959022522,0.31585225462913513,0.06726988404989243
358,0.0,0.0,0.0,0.0,0.339455783367157,0.04930632561445236,0.30396348237991333,0.04752614349126816,0.29447147250175476,0.05555947124958038,0.3266924023628235,0.05030123516917229
359,0.0,0.0,0.0,0.0,0.32090309262275696,0.07924474030733109,0.3082258105278015,0.04211804270744324,0.3043760657310486,0.04860559105873108,0.3294163644313812,0.04113917052745819
360,0.0,0.0,0.0,0.0,0.32460156083106995,0.06807319819927216,0.29407888650894165,0.03829507529735565,0.28618699312210083,0.05034120753407478,0.3122200667858124,0.04053807631134987
361,0.0,0.0,0.0,0.0,0.3336770236492157,0.05087708309292793,0.3064696490764618,0.05006773769855499,0.3172140121459961,0.03119957633316517,0.3211473524570465,0.05072864517569542
362,0.0,0.0,0.0,0.0,0.3255942165851593,0.051307328045368195,0.32027068734169006,0.025574319064617157,0.30354052782058716,0.07319734990596771,0.3363720774650574,0.038243211805820465
363,0.0,0.0,0.0,0.0,0.32714220881462097,0.06004108488559723,0.3028098940849304,0.042657915502786636,0.2854318618774414,0.048925891518592834,0.3477145731449127,0.03869623690843582
364,0.0,0.0,0.0,0.0,0.3312608599662781,0.06187364459037781,0.31859761476516724,0.06293471157550812,0.33561721444129944,0.04558229446411133,0.33111196756362915,0.06508255749940872
365,0.0,0.0,0.0,0.0,0.30763182044029236,0.06194664537906647,0.31595006585121155,0.04798579216003418,0.2890849709510803,0.052704934030771255,0.32359620928764343,0.051047585904598236
366,0.0,0.0,0.0,0.0,0.29726964235305786,0.0751677006483078,0.31118232011795044,0.04793868958950043,0.3283941149711609,0.03721233457326889,0.3163701593875885,0.06604146957397461
367,0.0,0.0,0.0,0.0,0.3190291225910187,0.05213293060660362,0.3134039342403412,0.036278847604990005,0.3286965489387512,0.030466491356492043,0.3480380177497864,0.04393182694911957
368,0.0,0.0,0.0,0.0,0.28215959668159485,0.08211184293031693,0.3224758505821228,0.03840584680438042,0.29526445269584656,0.06930883973836899,0.3072928786277771,0.05828563868999481
369,0.0,0.0,0.0,0.0,0.3157758116722107,0.05726853758096695,0.3287056088447571,0.04212714731693268,0.32394173741340637,0.0447143018245697,0.33690160512924194,0.04889294505119324
370,0.0,0.0,0.0,0.0,0.3296652138233185,0.048976946622133255,0.31712523102760315,0.04294830188155174,0.29954081773757935,0.0692606121301651,0.3305428624153137,0.05319204553961754
371,0.0,0.0,0.0,0.0,0.2797311842441559,0.0754808634519577,0.31106895208358765,0.06979680061340332,0.3121962547302246,0.05330262333154678,0.34864071011543274,0.043761249631643295
372,0.0,0.0,0.0,0.0,0.3339405059814453,0.04954471439123154,0.3033832609653473,0.051739033311605453,0.31377917528152466,0.053137362003326416,0.3334462642669678,0.01854693330824375
373,0.0,0.0,0.0,0.0,0.33497026562690735,0.051205653697252274,0.31748130917549133,0.043919943273067474,0.30827778577804565,0.04556569829583168,0.339508593082428,0.04067962244153023
374,0.0,0.0,0.0,0.0,0.32730159163475037,0.041011881083250046,0.32449519634246826,0.04869848117232323,0.3143870532512665,0.04034869000315666,0.3330090343952179,0.04223507270216942
375,0.0,0.0,0.0,0.0,0.30150800943374634,0.08418987691402435,0.2925705015659332,0.07674376666545868,0.3190481960773468,0.046123042702674866,0.27988967299461365,0.05749964341521263
376,0.0,0.0,0.0,0.0,0.3304894268512726,0.07744515687227249,0.3143572211265564,0.05466752499341965,0.3132530748844147,0.04457879066467285,0.3364632725715637,0.039018042385578156
377,0.0,0.0,0.0,0.0,0.33361393213272095,0.06492175906896591,0.3067992329597473,0.0636773332953453,0.2999507188796997,0.045907940715551376,0.29707014560699463,0.060900937765836716
378,0.0,0.0,0.0,0.0,0.34205856919288635,0.04093233495950699,0.30609482526779175,0.05613131821155548,0.28567105531692505,0.06992242485284805,0.28672465682029724,0.07108374685049057
379,0.0,0.0,0.0,0.0,0.3095799386501312,0.0717274472117424,0.3361216187477112,0.043096210807561874,0.30770477652549744,0.04353713244199753,0.32035303115844727,0.03830251097679138
380,0.0,0.0,0.0,0.0,0.32460859417915344,0.05660416558384895,0.29255789518356323,0.04607340320944786,0.30052924156188965,0.03694174438714981,0.324030339717865,0.06322481483221054
381,0.0,0.0,0.0,0.0,0.32148289680480957,0.060255084186792374,0.30512216687202454,0.06758655607700348,0.28306645154953003,0.05979915335774422,0.326964408159256,0.05641030892729759
382,0.0,0.0,0.0,0.0,0.3251269459724426,0.03124231845140457,0.31818583607673645,0.02996290847659111,0.31507816910743713,0.04365537688136101,0.30826136469841003,0.06066778302192688
383,0.0,0.0,0.0,0.0,0.308106005191803,0.08632215112447739,0.32170790433883667,0.03673602640628815,0.32087576389312744,0.039500270038843155,0.3332837224006653,0.04395424947142601
384,0.0,0.0,0.0,0.0,0.33793753385543823,0.04715169593691826,0.3341447710990906,0.054116737097501755,0.2929832339286804,0.04214714840054512,0.30838486552238464,0.046092767268419266
385,0.0,0.0,0.0,0.0,0.33365339040756226,0.057799238711595535,0.32827240228652954,0.0694209411740303,0.30693864822387695,0.061930008232593536,0.317072331905365,0.04717978462576866
386,0.0,0.0,0.0,0.0,0.32427316904067993,0.055130742490291595,0.31639209389686584,0.037958838045597076,0.32633936405181885,0.02946585975587368,0.32564690709114075,0.07599140703678131
387,0.0,0.0,0.0,0.0,0.35557010769844055,0.03111712634563446,0.2799077332019806,0.0666564330458641,0.31081250309944153,0.05178580433130264,0.31020572781562805,0.060483455657958984
388,0.0,0.0,0.0,0.0,0.3338114619255066,0.0330641008913517,0.33681222796440125,0.04387056082487106,0.3117968440055847,0.06304648518562317,0.30668067932128906,0.07044736295938492
389,0.0,0.0,0.0,0.0,0.30791231989860535,0.039157573133707047,0.2940881848335266,0.06220347434282303,0.317037433385849,0.04178895428776741,0.32443490624427795,0.04399646073579788
390,0.0,0.0,0.0,0.0,0.3056521713733673,0.08192793279886246,0.31674835085868835,0.0609261617064476,0.32364824414253235,0.05640200152993202,0.3321053981781006,0.049629148095846176
391,0.0,0.0,0.0,0.0,0.33387356996536255,0.05009738728404045,0.3262859284877777,0.032886579632759094,0.33818939328193665,0.04948747903108597,0.33050215244293213,0.05453898012638092
392,0.0,0.0,0.0,0.0,0.3197174370288849,0.06111087650060654,0.2887543737888336,0.04244042932987213,0.3173178732395172,0.07289760559797287,0.3273143172264099,0.02456723526120186
393,0.0,0.0,0.0,0.0,0.3027634024620056,0.06580715626478195,0.2943027913570404,0.06569219380617142,0.3113749027252197,0.0379154309630394,0.3388575613498688,0.02551400288939476
394,0.0,0.0,0.0,0.0,0.3166946768760681,0.0692366361618042,0.32062649726867676,0.06011473387479782,0.3191412687301636,0.03926408290863037,0.3256381154060364,0.04655420035123825
395,0.0,0.0,0.0,0.0,0.33022528886795044,0.058820031583309174,0.3030962347984314,0.07068298757076263,0.30248966813087463,0.06704000383615494,0.32146477699279785,0.05078627169132233
396,0.0,0.0,0.0,0.0,0.31570762395858765,0.059789448976516724,0.31593209505081177,0.05930757522583008,0.2966141998767853,0.06855469942092896,0.3139907121658325,0.08242561668157578
397,0.0,0.0,0.0,0.0,0.34378087520599365,0.03705477714538574,0.29213884472846985,0.06334352493286133,0.3118375241756439,0.06223534420132637,0.29546377062797546,0.04831954091787338
398,0.0,0.0,0.0,0.0,0.3091454803943634,0.06492185592651367,0.3238930106163025,0.056324198842048645,0.32264596223831177,0.040557827800512314,0.31323978304862976,0.060506779700517654
399,0.0,0.0,0.0,0.0,0.32346057891845703,0.064071886241436,0.2763288617134094,0.05563822388648987,0.3246162533760071,0.04782283306121826,0.3183046877384186,0.0766092985868454
400,0.0,0.0,0.0,0.0,0.3246888518333435,0.04421118646860123,0.28153175115585327,0.058897510170936584,0.30307862162590027,0.05614975467324257,0.2779141366481781,0.07002372294664383
401,0.0,0.0,0.0,0.0,0.3006678521633148,0.074306420981884,0.283939927816391,0.03996884077787399,0.3088418245315552,0.06779295206069946,0.35115280747413635,0.038716040551662445
402,0.0,0.0,0.0,0.0,0.32506921887397766,0.059762027114629745,0.3057059049606323,0.04546892270445824,0.29436424374580383,0.061958134174346924,0.30770343542099,0.06865449249744415
403,0.0,0.0,0.0,0.0,0.2977904975414276,0.0502568818628788,0.3047559857368469,0.07363402098417282,0.34972599148750305,0.013638119213283062,0.3029199242591858,0.06077021732926369
404,0.0,0.0,0.0,0.0,0.3333738446235657,0.041290536522865295,0.32000306248664856,0.0509832426905632,0.3225058615207672,0.03959161415696144,0.32785698771476746,0.05920791253447533
405,0.0,0.0,0.0,0.0,0.26343101263046265,0.07659061253070831,0.3173254728317261,0.05026385933160782,0.3256106972694397,0.031437307596206665,0.309033066034317,0.06854074448347092
406,0.0,0.0,0.0,0.0,0.2980034053325653,0.05844920501112938,0.30031463503837585,0.06163446605205536,0.3268280625343323,0.032830577343702316,0.3084981441497803,0.06491623818874359
407,0.0,0.0,0.0,0.0,0.3100202977657318,0.0823688805103302,0.26088204979896545,0.08521037548780441,0.31748640537261963,0.054887354373931885,0.3295385539531708,0.0650828629732132
408,0.0,0.0,0.0,0.0,0.29019254446029663,0.08338107913732529,0.28648120164871216,0.05770181864500046,0.3412322402000427,0.0470484122633934,0.3308402895927429,0.05195806920528412
409,0.0,0.0,0.0,0.0,0.3515765368938446,0.0397200882434845,0.28304189443588257,0.059541843831539154,0.29982414841651917,0.061553604900836945,0.31562548875808716,0.07411625981330872
410,0.0,0.0,0.0,0.0,0.3166400194168091,0.07328188419342041,0.30175402760505676,0.04497503489255905,0.32943642139434814,0.04339078441262245,0.30150941014289856,0.045143771916627884
411,0.0,0.0,0.0,0.0,0.3183586597442627,0.05485212057828903,0.29516860842704773,0.05080894008278847,0.33366313576698303,0.035603322088718414,0.3441653251647949,0.04133152961730957
412,0.0,0.0,0.0,0.0,0.3093775808811188,0.05795883759856224,0.31540900468826294,0.039713483303785324,0.28961074352264404,0.07228988409042358,0.3396992087364197,0.03480936586856842
413,0.0,0.0,0.0,0.0,0.32789483666419983,0.06817448139190674,0.30784013867378235,0.04576750472187996,0.31145936250686646,0.03743216395378113,0.3212658762931824,0.04943845421075821
414,0.0,0.0,0.0,0.0,0.32196229696273804,0.043959759175777435,0.30448123812675476,0.05239380523562431,0.3058876395225525,0.04337882623076439,0.31946948170661926,0.0661778524518013
415,0.0,0.0,0.0,0.0,0.3352366089820862,0.04789808392524719,0.3101407289505005,0.049896787852048874,0.29085010290145874,0.06854166835546494,0.3182871639728546,0.04728354141116142
416,0.0,0.0,0.0,0.0,0.33683890104293823,0.04413875564932823,0.27040258049964905,0.05022582784295082,0.28743183612823486,0.03796852007508278,0.34245267510414124,0.035340406000614166
417,0.0,0.0,0.0,0.0,0.3349982798099518,0.03748997673392296,0.2874462902545929,0.05797097086906433,0.3114927411079407,0.057907719165086746,0.3238888382911682,0.043257493525743484
418,0.0,0.0,0.0,0.0,0.33834949135780334,0.042890291661024094,0.2809104323387146,0.07057741284370422,0.31726378202438354,0.03291911631822586,0.32924050092697144,0.06780166923999786
419,0.0,0.0,0.0,0.0,0.28968727588653564,0.06272624433040619,0.2918516993522644,0.06204540655016899,0.3136747181415558,0.05661686882376671,0.3272027373313904,0.03134361654520035
420,0.0,0.0,0.0,0.0,0.3313128650188446,0.05037016049027443,0.2961645722389221,0.05383477732539177,0.32322773337364197,0.054683197289705276,0.3414115011692047,0.05784330889582634
421,0.0,0.0,0.0,0.0,0.31955966353416443,0.0422704853117466,0.29961857199668884,0.03919123858213425,0.31493812799453735,0.04483808949589729,0.33860331773757935,0.03495902568101883
422,0.0,0.0,0.0,0.0,0.31432002782821655,0.06023753434419632,0.3014536499977112,0.058247294276952744,0.31171002984046936,0.04683728888630867,0.28413125872612,0.07973702251911163
423,0.0,0.0,0.0,0.0,0.32222965359687805,0.03810838982462883,0.30088257789611816,0.06041193753480911,0.320261150598526,0.07095357775688171,0.3219957947731018,0.046895720064640045
424,0.0,0.0,0.0,0.0,0.31406736373901367,0.045333363115787506,0.297046959400177,0.038192421197891235,0.3042665421962738,0.059712160378694534,0.32880404591560364,0.04605148360133171
425,0.0,0.0,0.0,0.0,0.32145562767982483,0.04481945559382439,0.314649760723114,0.047806136310100555,0.3087103068828583,0.07472273707389832,0.31274574995040894,0.06213559955358505
426,0.0,0.0,0.0,0.0,0.33852699398994446,0.04504702612757683,0.3225554823875427,0.048947375267744064,0.31182101368904114,0.05436880886554718,0.3197196125984192,0.0505082868039608
427,0.0,0.0,0.0,0.0,0.3320097029209137,0.03302234411239624,0.2820303440093994,0.05653463676571846,0.3036544919013977,0.062366340309381485,0.3200843930244446,0.05357065424323082
428,0.0,0.0,0.0,0.0,0.3366137742996216,0.057325076311826706,0.2975541949272156,0.048493143171072006,0.31466275453567505,0.036120496690273285,0.32978546619415283,0.03180466592311859
429,0.0,0.0,0.0,0.0,0.3290446400642395,0.0506729781627655,0.31054019927978516,0.03835652768611908,0.29447871446609497,0.05394931137561798,0.3139438033103943,0.0445391871035099
430,0.0,0.0,0.0,0.0,0.34004339575767517,0.048660147935152054,0.3202982544898987,0.030613964423537254,0.3039476275444031,0.06604740768671036,0.29968342185020447,0.08213037997484207
431,0.0,0.0,0.0,0.0,0.3401375412940979,0.04913081228733063,0.3270246386528015,0.03650124371051788,0.33554720878601074,0.03682387247681618,0.32775384187698364,0.04729805886745453
432,0.0,0.0,0.0,0.0,0.33476173877716064,0.06016801297664642,0.2982003092765808,0.04713398218154907,0.3158201575279236,0.06203148514032364,0.3011184334754944,0.038810040801763535
433,0.0,0.0,0.0,0.0,0.3121938407421112,0.06221802160143852,0.29130735993385315,0.06302642822265625,0.3346734344959259,0.033911049365997314,0.3115648031234741,0.05904311314225197
434,0.0,0.0,0.0,0.0,0.3236874043941498,0.041788600385189056,0.3112642467021942,0.05104446783661842,0.3197871744632721,0.04641558974981308,0.29507219791412354,0.06398578733205795
435,0.0,0.0,0.0,0.0,0.3159240782260895,0.06326720118522644,0.28106042742729187,0.06781600415706635,0.3218379318714142,0.07377568632364273,0.3165021240711212,0.05632700398564339
436,0.0,0.0,0.0,0.0,0.33142584562301636,0.05508384108543396,0.2767152190208435,0.03852322697639465,0.3167329430580139,0.06940419971942902,0.29114750027656555,0.06869840621948242
437,0.0,0.0,0.0,0.0,0.32716113328933716,0.04568682983517647,0.30420440435409546,0.04783569648861885,0.31686586141586304,0.04598997160792351,0.3269512355327606,0.03340189531445503
438,0.0,0.0,0.0,0.0,0.3500117361545563,0.03850805014371872,0.28788259625434875,0.060807425528764725,0.3191360831260681,0.047598980367183685,0.3172729015350342,0.07345648854970932
439,0.0,0.0,0.0,0.0,0.32593297958374023,0.06464464962482452,0.2991619408130646,0.04385339468717575,0.2915795147418976,0.03970816731452942,0.32840782403945923,0.052799321711063385
440,0.0,0.0,0.0,0.0,0.33078131079673767,0.05027663707733154,0.3034254312515259,0.0421823225915432,0.3334934711456299,0.025125080719590187,0.3136374354362488,0.057622846215963364
441,0.0,0.0,0.0,0.0,0.3291652798652649,0.04740723967552185,0.31498417258262634,0.04463019222021103,0.33077555894851685,0.03739668056368828,0.3169599771499634,0.06605152785778046
442,0.0,0.0,0.0,0.0,0.33437445759773254,0.03764035925269127,0.29739487171173096,0.04154986888170242,0.3022398352622986,0.03433409705758095,0.30615490674972534,0.07083366811275482
443,0.0,0.0,0.0,0.0,0.33161336183547974,0.0525343120098114,0.31771886348724365,0.03354254364967346,0.3299176096916199,0.045012764632701874,0.3362862467765808,0.03806266933679581
444,0.0,0.0,0.0,0.0,0.3363538384437561,0.05458259582519531,0.2876165807247162,0.050027213990688324,0.31627529859542847,0.052660178393125534,0.32218238711357117,0.054660141468048096
445,0.0,0.0,0.0,0.0,0.3467370569705963,0.05683391913771629,0.3011265695095062,0.04877760261297226,0.3526488244533539,0.031209593638777733,0.33889907598495483,0.03600458428263664
446,0.0,0.0,0.0,0.0,0.342119038105011,0.05660281330347061,0.30183202028274536,0.05905875936150551,0.3245757818222046,0.05830352008342743,0.31608647108078003,0.06404874473810196
447,0.0,0.0,0.0,0.0,0.32056093215942383,0.04723028466105461,0.29836052656173706,0.04604731872677803,0.2929030954837799,0.07921531051397324,0.3172127604484558,0.05290309339761734
448,0.0,0.0,0.0,0.0,0.3265668749809265,0.044848211109638214,0.3360976576805115,0.028867125511169434,0.31999683380126953,0.042596135288476944,0.3599008321762085,0.04849879443645477
449,0.0,0.0,0.0,0.0,0.3199840486049652,0.0639679804444313,0.31048500537872314,0.03404897078871727,0.2821848392486572,0.07161448895931244,0.32478681206703186,0.0516723170876503
450,0.0,0.0,0.0,0.0,0.328956663608551,0.03589224815368652,0.29162806272506714,0.06739336997270584,0.33308425545692444,0.057357676327228546,0.31948962807655334,0.05292505398392677
451,0.0,0.0,0.0,0.0,0.31887757778167725,0.05708632990717888,0.31533047556877136,0.04147756099700928,0.3198278248310089,0.03861654922366142,0.32956355810165405,0.03771442547440529
452,0.0,0.0,0.0,0.0,0.3230976462364197,0.04262308403849602,0.3005896806716919,0.03787781670689583,0.3411889672279358,0.043079376220703125,0.3249549865722656,0.05005259066820145
453,0.0,0.0,0.0,0.0,0.3317486643791199,0.04014230892062187,0.2941175103187561,0.04515846446156502,0.3089783489704132,0.05867978185415268,0.32913345098495483,0.07944786548614502
454,0.0,0.0,0.0,0.0,0.31994906067848206,0.04476575925946236,0.3091287910938263,0.05322529375553131,0.34402284026145935,0.019289499148726463,0.3111765682697296,0.07440764456987381
455,0.0,0.0,0.0,0.0,0.31439313292503357,0.0919879674911499,0.30166199803352356,0.0785648301243782,0.31439879536628723,0.03159499168395996,0.34151992201805115,0.053981516510248184
456,0.0,0.0,0.0,0.0,0.33751362562179565,0.037947673350572586,0.2795751392841339,0.04618656635284424,0.3329584002494812,0.02465933933854103,0.3134024739265442,0.06291315704584122
457,0.0,0.0,0.0,0.0,0.33631062507629395,0.042741622775793076,0.29834434390068054,0.041715238243341446,0.3414345979690552,0.04218992218375206,0.3420739769935608,0.0435970164835453
458,0.0,0.0,0.0,0.0,0.31629878282546997,0.05552420765161514,0.27235689759254456,0.0642828568816185,0.3110467493534088,0.024757379665970802,0.3355531692504883,0.03485694155097008
459,0.0,0.0,0.0,0.0,0.328461617231369,0.03275047987699509,0.31186097860336304,0.03788730129599571,0.33704060316085815,0.031115690246224403,0.31081098318099976,0.06296300143003464
460,0.0,0.0,0.0,0.0,0.32911261916160583,0.06070932745933533,0.3081507384777069,0.04052106291055679,0.3144717216491699,0.04861828684806824,0.2797885835170746,0.08228667825460434
461,0.0,0.0,0.0,0.0,0.3110578656196594,0.05031623691320419,0.3214711546897888,0.05143639072775841,0.31691280007362366,0.03338131681084633,0.3312940001487732,0.04414280131459236
462,0.0,0.0,0.0,0.0,0.3227059245109558,0.05393856391310692,0.2723306715488434,0.059140026569366455,0.329247385263443,0.040542419999837875,0.3258066177368164,0.05152752622961998
463,0.0,0.0,0.0,0.0,0.35268634557724,0.03518642857670784,0.28836438059806824,0.04307393729686737,0.3324145972728729,0.04307993873953819,0.3415268659591675,0.03408930078148842
464,0.0,0.0,0.0,0.0,0.32754626870155334,0.050295088440179825,0.2829459011554718,0.053934402763843536,0.33155447244644165,0.04694822430610657,0.2925657629966736,0.08011908829212189
465,0.0,0.0,0.0,0.0,0.33105504512786865,0.03679344058036804,0.30678296089172363,0.05981803312897682,0.3225688934326172,0.04325694963335991,0.33516648411750793,0.04472699016332626
466,0.0,0.0,0.0,0.0,0.3237927556037903,0.034797005355358124,0.2952103614807129,0.046585164964199066,0.3216843903064728,0.03843539580702782,0.30043357610702515,0.06316785514354706
467,0.0,0.0,0.0,0.0,0.31678351759910583,0.051301464438438416,0.3199537396430969,0.045209407806396484,0.3110789656639099,0.07387738674879074,0.29352444410324097,0.0395871140062809
468,0.0,0.0,0.0,0.0,0.31232914328575134,0.04361606389284134,0.29825738072395325,0.05645731836557388,0.311563104391098,0.07212125509977341,0.318721204996109,0.047830045223236084
469,0.0,0.0,0.0,0.0,0.30262890458106995,0.0530783012509346,0.3052022457122803,0.06083538755774498,0.3238833546638489,0.026987891644239426,0.33767467737197876,0.04865109175443649
470,0.0,0.0,0.0,0.0,0.30093270540237427,0.044399015605449677,0.3187844157218933,0.04164038226008415,0.31443119049072266,0.04526883736252785,0.3068165183067322,0.05948129668831825
471,0.0,0.0,0.0,0.0,0.3427489101886749,0.04030730947852135,0.29486072063446045,0.0660034567117691,0.33484429121017456,0.041163939982652664,0.330819696187973,0.041653674095869064
472,0.0,0.0,0.0,0.0,0.3329474627971649,0.04785853996872902,0.3149072229862213,0.04605558142066002,0.33418184518814087,0.030821852385997772,0.2718391716480255,0.06461058557033539
473,0.0,0.0,0.0,0.0,0.3233233690261841,0.050607167184352875,0.3056655526161194,0.06058026850223541,0.3240346312522888,0.03596459701657295,0.31608325242996216,0.060184311121702194
474,0.0,0.0,0.0,0.0,0.33470556139945984,0.04352160170674324,0.3082960546016693,0.028418147936463356,0.30163416266441345,0.0516987107694149,0.33120104670524597,0.05596885085105896
475,0.0,0.0,0.0,0.0,0.3246266841888428,0.04636692628264427,0.29569485783576965,0.06891104578971863,0.32889384031295776,0.04724700003862381,0.29027611017227173,0.09888467937707901
476,0.0,0.0,0.0,0.0,0.32092276215553284,0.06909284740686417,0.2917960286140442,0.07336850464344025,0.30311205983161926,0.039417847990989685,0.3145163357257843,0.058146171271800995
477,0.0,0.0,0.0,0.0,0.3278217911720276,0.06755352020263672,0.29384180903434753,0.062299251556396484,0.3226223886013031,0.04340604320168495,0.3400260806083679,0.03852370008826256
478,0.0,0.0,0.0,0.0,0.3516312837600708,0.026391467079520226,0.32845553755760193,0.03043859452009201,0.3297894597053528,0.04081147909164429,0.3044827878475189,0.04309514909982681
479,0.0,0.0,0.0,0.0,0.32021233439445496,0.03446975722908974,0.3053140342235565,0.06289142370223999,0.32566362619400024,0.06270827353000641,0.2943524718284607,0.06167466565966606
480,0.0,0.0,0.0,0.0,0.33459120988845825,0.03130333498120308,0.3080260455608368,0.04536769166588783,0.32945185899734497,0.044650617986917496,0.3282853960990906,0.04387257993221283
481,0.0,0.0,0.0,0.0,0.3236760199069977,0.03790885955095291,0.3043728470802307,0.07627122849225998,0.303766131401062,0.0376373790204525,0.32306307554244995,0.03795047849416733
482,0.0,0.0,0.0,0.0,0.3129560053348541,0.0634019672870636,0.30774393677711487,0.04068045690655708,0.3208233118057251,0.05318354070186615,0.32219430804252625,0.06358528137207031
483,0.0,0.0,0.0,0.0,0.30677327513694763,0.052986375987529755,0.3230823576450348,0.05115024372935295,0.3066282868385315,0.03635141998529434,0.33618927001953125,0.033892832696437836
484,0.0,0.0,0.0,0.0,0.2995091676712036,0.07237201929092407,0.29028016328811646,0.06441318988800049,0.3185400068759918,0.04283140227198601,0.318658709526062,0.05361722782254219
485,0.0,0.0,0.0,0.0,0.31333616375923157,0.062323130667209625,0.3143617510795593,0.049786508083343506,0.2625372111797333,0.05955114588141441,0.3005325496196747,0.04393966868519783
486,0.0,0.0,0.0,0.0,0.340320885181427,0.019092196598649025,0.3111274838447571,0.03746241703629494,0.3091711699962616,0.043988924473524094,0.3185325562953949,0.06962142884731293
487,0.0,0.0,0.0,0.0,0.33192986249923706,0.03519535809755325,0.28481513261795044,0.07643004506826401,0.2843545973300934,0.0522892102599144,0.32703056931495667,0.041413549333810806
488,0.0,0.0,0.0,0.0,0.3537859320640564,0.019289633259177208,0.30076152086257935,0.04275139048695564,0.3158571422100067,0.040706031024456024,0.328813374042511,0.03758382424712181
489,0.0,0.0,0.0,0.0,0.3069301247596741,0.042334362864494324,0.2857872247695923,0.06666360050439835,0.30705735087394714,0.058049265295267105,0.2917889952659607,0.08490773290395737
490,0.0,0.0,0.0,0.0,0.31857404112815857,0.0460248738527298,0.29391759634017944,0.06964360177516937,0.2986791431903839,0.06588626652956009,0.31899362802505493,0.04528248682618141
491,0.0,0.0,0.0,0.0,0.3140459954738617,0.044030576944351196,0.2984315752983093,0.04398982599377632,0.3103058636188507,0.0592544861137867,0.3349609971046448,0.039611950516700745
492,0.0,0.0,0.0,0.0,0.32736119627952576,0.0438946932554245,0.30660730600357056,0.056941691786050797,0.3354494571685791,0.03432164341211319,0.32234081625938416,0.06153332442045212
493,0.0,0.0,0.0,0.0,0.3119790852069855,0.049959372729063034,0.30290088057518005,0.05993090942502022,0.29440006613731384,0.06131106987595558,0.3251614272594452,0.06778453290462494
494,0.0,0.0,0.0,0.0,0.2865273952484131,0.048863112926483154,0.300054132938385,0.052915289998054504,0.3325386345386505,0.049075350165367126,0.32819005846977234,0.04431295767426491
495,0.0,0.0,0.0,0.0,0.34334462881088257,0.032232142984867096,0.29810959100723267,0.04998466372489929,0.29116934537887573,0.0758081004023552,0.3225291073322296,0.03782329335808754
496,0.0,0.0,0.0,0.0,0.3016749918460846,0.043157078325748444,0.28256016969680786,0.0583229698240757,0.3278442621231079,0.059981442987918854,0.2978108525276184,0.08007515966892242
497,0.0,0.0,0.0,0.0,0.3146871328353882,0.059417471289634705,0.32386690378189087,0.06335487961769104,0.27889129519462585,0.06998872011899948,0.3190779387950897,0.036235708743333817
498,0.0,0.0,0.0,0.0,0.3000851273536682,0.05655663087964058,0.306921124458313,0.04700501263141632,0.3426677882671356,0.03372199460864067,0.2708253860473633,0.07499779015779495
499,0.0,0.0,0.0,0.0,0.31384867429733276,0.05920259281992912,0.3112897276878357,0.048818740993738174,0.3307628631591797,0.03242244943976402,0.33960285782814026,0.02853456139564514
500,0.0,0.0,0.0,0.0,0.2965516149997711,0.05641765519976616,0.3081671893596649,0.03048851527273655,0.3169461786746979,0.03292473778128624,0.3083716034889221,0.0769638791680336
